G,7.8597
A,8.3013
C,8.5577
T,8.7724
M,8.2301
GG,7.4661
GA,7.7276
GC,7.7566
GT,7.7372
GM,7.7482
AG,7.5655
AA,7.9877
AC,8.2503
AT,8.1746
AM,8.2408
CG,7.4097
CA,7.8487
CC,8.0667
CT,8.3359
CM,7.7770
TG,7.7306
TA,8.1563
TC,8.1855
TT,8.1140
TM,8.0765
MG,7.3927
MA,7.8314
MC,8.2815
MT,8.1289
MM,7.7534
GGG,7.0940
GGA,7.4384
GGC,7.4546
GGT,7.4277
GGM,7.4575
GAG,7.5826
GAA,7.7116
GAC,7.7267
GAT,7.6940
GAM,7.7286
GCG,7.4782
GCA,7.7579
GCC,7.7806
GCT,7.7294
GCM,7.7831
GTG,7.7882
GTA,7.7230
GTC,7.7547
GTT,7.6971
GTM,7.7570
GMG,7.4606
GMA,7.7508
GMC,7.7776
GMT,7.7180
GMM,7.7801
AGG,7.1888
AGA,7.4431
AGC,7.4696
AGT,7.4492
AGM,7.4642
AAG,7.4479
AAA,7.5349
AAC,7.7493
AAT,7.7135
AAM,7.7467
ACG,7.3120
ACA,7.7458
ACC,8.2745
ACT,8.2203
ACM,8.2776
ATG,7.6213
ATA,8.0443
ATC,8.1919
ATT,8.1321
ATM,8.1945
AMG,7.2977
AMA,7.7313
AMC,8.2703
AMT,8.2073
AMM,8.2730
CGG,7.0343
CGA,7.2905
CGC,7.3159
CGT,7.2970
CGM,7.3119
CAG,7.3830
CAA,7.4440
CAC,7.8114
CAT,7.7399
CAM,7.8063
CCG,7.2480
CCA,7.6844
CCC,7.4537
CCT,7.5140
CCM,7.6022
CTG,7.5640
CTA,7.9898
CTC,8.4151
CTT,8.2015
CTM,7.8950
CMG,7.2353
CMA,7.6714
CMC,7.8242
CMT,7.7054
CMM,7.5811
TGG,7.3442
TGA,7.5996
TGC,7.6267
TGT,7.6073
TGM,7.6198
TAG,7.5126
TAA,7.6609
TAC,8.1117
TAT,8.0371
TAM,8.1036
TCG,7.3649
TCA,7.8041
TCC,8.0195
TCT,7.7342
TCM,7.7349
TTG,7.6825
TTA,8.1106
TTC,8.1681
TTT,8.4673
TTM,8.0297
TMG,7.3497
TMA,7.7886
TMC,8.1204
TMT,7.9876
TMM,7.7119
MGG,7.0187
MGA,7.2743
MGC,7.2996
MGT,7.2807
MGM,7.2958
MAG,7.3774
MAA,7.4338
MAC,7.7947
MAT,7.7233
MAM,7.7897
MCG,7.2430
MCA,7.6791
MCC,7.5174
MCT,7.6024
MCM,7.5958
MTG,7.5597
MTA,7.9854
MTC,8.1833
MTT,7.5819
MTM,7.4662
MMG,7.2302
MMA,7.6660
MMC,7.8009
MMT,7.6832
MMM,7.1692
GGGG,6.9677
GGGA,7.0716
GGGC,7.0855
GGGT,7.0619
GGGM,7.0879
GGAG,7.3698
GGAA,7.4352
GGAC,7.4394
GGAT,7.4213
GGAM,7.4404
GGCG,7.3892
GGCA,7.4585
GGCC,7.4661
GGCT,7.4404
GGCM,7.4675
GGTG,7.3529
GGTA,7.4237
GGTC,7.4350
GGTT,7.4069
GGTM,7.4362
GGMG,7.3902
GGMA,7.4621
GGMC,7.4712
GGMT,7.4421
GGMM,7.4726
GAGG,7.2520
GAGA,7.5756
GAGC,7.5811
GAGT,7.5655
GAGM,7.5832
GAAG,7.6452
GAAA,7.7110
GAAC,7.7152
GAAT,7.6966
GAAM,7.7167
GACG,7.3501
GACA,7.7318
GACC,7.7399
GACT,7.7135
GACM,7.7417
GATG,7.6596
GATA,7.6914
GATC,7.7031
GATT,7.6743
GATM,7.7046
GAMG,7.3366
GAMA,7.7343
GAMC,7.7439
GAMT,7.7141
GAMM,7.7456
GCGG,7.1027
GCGA,7.3576
GCGC,7.3832
GCGT,7.3648
GCGM,7.3788
GCAG,7.4235
GCAA,7.7594
GCAC,7.7645
GCAT,7.7444
GCAM,7.7664
GCCG,7.2878
GCCA,7.7200
GCCC,7.7421
GCCT,7.7689
GCCM,7.2797
GCTG,7.6049
GCTA,7.7286
GCTC,7.7416
GCTT,7.7111
GCTM,7.7435
GCMG,7.2757
GCMA,7.7074
GCMC,7.7273
GCMT,7.7699
GCMM,7.2621
GTGG,7.4020
GTGA,7.6562
GTGC,7.5792
GTGT,7.5597
GTGM,7.5812
GTAG,7.5475
GTAA,7.7225
GTAC,7.7285
GTAT,7.7066
GTAM,7.7298
GTCG,7.3991
GTCA,7.7599
GTCC,7.7695
GTCT,7.7403
GTCM,7.7711
GTTG,7.7174
GTTA,7.6948
GTTC,7.7084
GTTT,7.6761
GTTM,7.7098
GTMG,7.3844
GTMA,7.3190
GTMC,7.7740
GTMT,7.7411
GTMM,7.7756
GMGG,7.0865
GMGA,7.3408
GMGC,7.0542
GMGT,7.3480
GMGM,7.3622
GMAG,7.4176
GMAA,7.7527
GMAC,7.7583
GMAT,7.7367
GMAM,7.7602
GMCG,7.2823
GMCA,7.7141
GMCC,7.7944
GMCT,7.7653
GMCM,7.2728
GMTG,7.6001
GMTA,7.7176
GMTC,7.7312
GMTT,7.6991
GMTM,7.7331
GMMG,7.2700
GMMA,7.7013
GMMC,7.5472
GMMT,7.7662
GMMM,7.2550
AGGG,6.9257
AGGA,7.1636
AGGC,7.1785
AGGT,7.1527
AGGM,7.1818
AGAG,7.5728
AGAA,7.4295
AGAC,7.4432
AGAT,7.4118
AGAM,7.4455
AGCG,7.4258
AGCA,7.4723
AGCC,7.4936
AGCT,7.4444
AGCM,7.4965
AGTG,7.1441
AGTA,7.4368
AGTC,7.4667
AGTT,7.4114
AGTM,7.4694
AGMG,7.4093
AGMA,7.4680
AGMC,7.4933
AGMT,7.4359
AGMM,7.4961
AAGG,7.0770
AAGA,7.3297
AAGC,7.3550
AAGT,7.3357
AAGM,7.3505
AAAG,7.3938
AAAA,7.4471
AAAC,7.9074
AAAT,7.8743
AAAM,7.9104
AACG,7.2608
AACA,7.6883
AACC,7.7602
AACT,7.7309
AACM,7.7625
AATG,7.5702
AATA,7.8629
AATC,7.7187
AATT,7.6880
AATM,7.7207
AAMG,7.2475
AAMA,7.6746
AAMC,7.7602
AAMT,7.7266
AAMM,7.7624
ACGG,6.9415
ACGA,7.1961
ACGC,7.2203
ACGT,7.2027
ACGM,7.2171
ACAG,7.3367
ACAA,7.3730
ACAC,7.7106
ACAT,7.6405
ACAM,7.7064
ACCG,7.2035
ACCA,7.6335
ACCC,7.6447
ACCT,8.2608
ACCM,7.1823
ACTG,7.5203
ACTA,7.9398
ACTC,8.2283
ACTT,8.2002
ACTM,8.2303
ACMG,7.1916
ACMA,7.6211
ACMC,7.6302
ACMT,8.2624
ACMM,7.1650
ATGG,7.2402
ATGA,7.4940
ATGC,7.5198
ATGT,7.5017
ATGM,7.5138
ATAG,7.4615
ATAA,7.5731
ATAC,8.1623
ATAT,7.5881
ATAM,7.6172
ATCG,7.3156
ATCA,7.7485
ATCC,8.2024
ATCT,8.1757
ATCM,8.2041
ATTG,7.6338
ATTA,8.0557
ATTC,8.1390
ATTT,8.1094
ATTM,8.1405
ATMG,7.3013
ATMA,7.7337
ATMC,8.2071
ATMT,8.1769
ATMM,8.2087
AMGG,6.9285
AMGA,7.1825
AMGC,7.2066
AMGT,7.1890
AMGM,7.2036
AMAG,7.3324
AMAA,7.3650
AMAC,7.6966
AMAT,7.6267
AMAM,7.6925
AMCG,7.1995
AMCA,7.6293
AMCC,7.6396
AMCT,8.2560
AMCM,7.1772
AMTG,7.5172
AMTA,7.9366
AMTC,8.2163
AMTT,8.1865
AMTM,8.2184
AMMG,7.1876
AMMA,7.6168
AMMC,8.1502
AMMT,8.2572
AMMM,7.1596
CGGG,6.8850
CGGA,7.0096
CGGC,7.0246
CGGT,6.9986
CGGM,7.0280
CGAG,7.1516
CGAA,7.2774
CGAC,7.2911
CGAT,7.2595
CGAM,7.2936
CGCG,7.3966
CGCA,7.3192
CGCC,7.3407
CGCT,7.2912
CGCM,7.3438
CGTG,7.1441
CGTA,7.2852
CGTC,7.3153
CGTT,7.2597
CGTM,7.3181
CGMG,7.3798
CGMA,7.3165
CGMC,7.3418
CGMT,7.2843
CGMM,7.3449
CAGG,7.0135
CAGA,7.2667
CAGC,7.2920
CAGT,7.2724
CAGM,7.2879
CAAG,7.3619
CAAA,7.2417
CAAC,7.7702
CAAT,7.7366
CAAM,7.7734
CACG,7.2296
CACA,7.6563
CACC,7.8367
CACT,7.7842
CACM,7.8403
CATG,7.5391
CATA,7.4000
CATC,7.7581
CATT,7.7004
CATM,7.7613
CAMG,7.2162
CAMA,7.6423
CAMC,7.8364
CAMT,7.7758
CAMM,7.8398
CCGG,6.8791
CCGA,7.1340
CCGC,7.1583
CCGT,7.1404
CCGM,7.1556
CCAG,7.3058
CCAA,7.3332
CCAC,7.6506
CCAT,7.5806
CCAM,7.6469
CCCG,7.1727
CCCA,7.6016
CCCC,7.3089
CCCT,7.3933
CCCM,7.5145
CCTG,7.4896
CCTA,7.9080
CCTC,7.5822
CCTT,8.0348
CCTM,7.8074
CCMG,7.1606
CCMA,7.5890
CCMC,7.6536
CCMT,7.5381
CCMM,7.0365
CTGG,7.1843
CTGA,7.4385
CTGC,7.4644
CTGT,7.4459
CTGM,7.4589
CTAG,7.4348
CTAA,7.5320
CTAC,7.9488
CTAT,7.8759
CTAM,7.9422
CTCG,7.2889
CTCA,7.7206
CTCC,7.6892
CTCT,7.5936
CTCM,7.6454
CTTG,7.6073
CTTA,8.0280
CTTC,8.2526
CTTT,7.7005
CTTM,7.9401
CTMG,7.2744
CTMA,7.7055
CTMC,7.9432
CTMT,7.8144
CTMM,7.2963
CMGG,6.8677
CMGA,7.1220
CMGC,7.1462
CMGT,7.1283
CMGM,7.1436
CMAG,7.3022
CMAA,7.3264
CMAC,7.6381
CMAT,7.5684
CMAM,7.6345
CMCG,7.1695
CMCA,7.5981
CMCC,7.8799
CMCT,7.8040
CMCM,7.5099
CMTG,7.4872
CMTA,7.9054
CMTC,7.7578
CMTT,7.6703
CMTM,7.2501
CMMG,7.1573
CMMA,7.5853
CMMC,7.2286
CMMT,7.5184
CMMM,7.0205
TGGG,6.5589
TGGA,7.3178
TGGC,7.3331
TGGT,7.3070
TGGM,7.3362
TGAG,7.4590
TGAA,7.5848
TGAC,7.5989
TGAT,7.5671
TGAM,7.6010
TGCG,7.4565
TGCA,7.6284
TGCC,7.6501
TGCT,7.6004
TGCM,7.6528
TGTG,7.7668
TGTA,7.5939
TGTC,7.6242
TGTT,7.5684
TGTM,7.6266
TGMG,7.4400
TGMA,7.6227
TGMC,7.6484
TGMT,7.5906
TGMM,7.6510
TAGG,7.1390
TAGA,7.3921
TAGC,7.4177
TAGT,7.3982
TAGM,7.4126
TAAG,7.4225
TAAA,7.4961
TAAC,7.6285
TAAT,7.5914
TAAM,7.6257
TACG,7.2877
TACA,7.7179
TACC,8.1352
TACT,8.0828
TACM,8.1384
TATG,7.5974
TATA,8.0170
TATC,8.0537
TATT,7.9959
TATM,8.0564
TAMG,7.2745
TAMA,7.7043
TAMC,8.1321
TAMT,8.0713
TAMM,8.1350
TCGG,6.9923
TCGA,7.2471
TCGC,7.2715
TCGT,7.2538
TCGM,7.2679
TCAG,7.3600
TCAA,7.4106
TCAC,7.7673
TCAT,7.6970
TCAM,7.7627
TCCG,7.2254
TCCA,7.6579
TCCC,7.4968
TCCT,7.4784
TCCM,7.5758
TCTG,7.5425
TCTA,7.9646
TCTC,8.3774
TCTT,8.1663
TCTM,7.8696
TCMG,7.2137
TCMA,7.6458
TCMC,7.7812
TCMT,7.6655
TCMM,7.1502
TTGG,7.2990
TTGA,7.5531
TTGC,7.5792
TTGT,7.5608
TTGM,7.5727
TTAG,7.4895
TTAA,7.9105
TTAC,8.0666
TTAT,7.9932
TTAM,8.0591
TTCG,7.3422
TTCA,7.7775
TTCC,7.8910
TTCT,7.8148
TTCM,7.7072
TTTG,7.6608
TTTA,8.0852
TTTC,8.5172
TTTT,7.8864
TTTM,8.0029
TTMG,7.3280
TTMA,7.7629
TTMC,8.0729
TTMT,7.9433
TTMM,7.6853
TMGG,6.9785
TMGA,7.2327
TMGC,7.2570
TMGT,7.2392
TMGM,7.2535
TMAG,7.3552
TMAA,7.4018
TMAC,7.7523
TMAT,7.6822
TMAM,7.7478
TMCG,7.2210
TMCA,7.6532
TMCC,7.4911
TMCT,8.0976
TMCM,7.5700
TMTG,7.5391
TMTA,7.9610
TMTC,8.0392
TMTT,7.9502
TMTM,7.3205
TMMG,7.2093
TMMA,7.6410
TMMC,7.7585
TMMT,7.6439
TMMM,7.1315
MGGG,6.8698
MGGA,6.9942
MGGC,7.0090
MGGT,6.9831
MGGM,7.0125
MGAG,7.1359
MGAA,7.2614
MGAC,7.2750
MGAT,7.2435
MGAM,7.2775
MGCG,7.3950
MGCA,7.3030
MGCC,7.3244
MGCT,7.2750
MGCM,7.3276
MGTG,7.1282
MGTA,7.2690
MGTC,7.2990
MGTT,7.2435
MGTM,7.3019
MGMG,7.3783
MGMA,7.3004
MGMC,7.3257
MGMT,7.2683
MGMM,7.3287
MAGG,7.0083
MAGA,7.2614
MAGC,7.2866
MAGT,7.2671
MAGM,7.2826
MAAG,7.3594
MAAA,7.2335
MAAC,7.7535
MAAT,7.7200
MAAM,7.7568
MACG,7.2271
MACA,7.6537
MACC,7.8200
MACT,7.7675
MACM,7.8236
MATG,7.5367
MATA,7.7115
MATC,7.7416
MATT,7.6840
MATM,7.7448
MAMG,7.2137
MAMA,7.6397
MAMC,7.8198
MAMT,7.7593
MAMM,7.8233
MCGG,6.8744
MCGA,7.1291
MCGC,7.1534
MCGT,7.1355
MCGM,7.1507
MCAG,7.3034
MCAA,7.3298
MCAC,7.6454
MCAT,7.5755
MCAM,7.6417
MCCG,7.1702
MCCA,7.5990
MCCC,8.1873
MCCT,7.5301
MCCM,7.5115
MCTG,7.4873
MCTA,7.9055
MCTC,7.6276
MCTT,7.5780
MCTM,7.8046
MCMG,7.1581
MCMA,7.5863
MCMC,7.6474
MCMT,7.5321
MCMM,7.0312
MTGG,7.1803
MTGA,7.4344
MTGC,7.4603
MTGT,7.4418
MTGM,7.4548
MTAG,7.4330
MTAA,7.5289
MTAC,7.9445
MTAT,7.8716
MTAM,7.9380
MTCG,7.2872
MTCA,7.7188
MTCC,8.2036
MTCT,8.1669
MTCM,7.6431
MTTG,7.6057
MTTA,8.0262
MTTC,8.1072
MTTT,7.5474
MTTM,7.3295
MTMG,7.2726
MTMA,7.7036
MTMC,7.9376
MTMT,7.8091
MTMM,7.2911
MMGG,6.8630
MMGA,7.1125
MMGC,7.1412
MMGT,7.1234
MMGM,7.1387
MMAG,7.2997
MMAA,7.3229
MMAC,7.6327
MMAT,7.5631
MMAM,7.6292
MMCG,7.1669
MMCA,7.5954
MMCC,7.8563
MMCT,7.7809
MMCM,7.1236
MMTG,7.4848
MMTA,7.9029
MMTC,7.7353
MMTT,7.6483
MMTM,7.7401
MMMG,7.1547
MMMA,7.5826
MMMC,7.2097
MMMT,7.1233
MMMM,7.0151
GGGGG,6.809170475182777
GGGAG,7.116261320232525
GGGCG,7.1349510297794865
GGGTG,7.101029969236659
GGGMG,7.136648194622078
GGAGG,7.169536885882076
GGAAG,7.454052270533181
GGACG,7.263745222704476
GGATG,7.457369519103279
GGAMG,7.255391324412683
GGCGG,7.080784379849136
GGCAG,7.3198604658127815
GGCCG,7.234819646082887
GGCTG,7.430079693134796
GGCMG,7.227551623835205
GGTGG,7.259834815035616
GGTAG,7.385428016400321
GGTCG,7.293731003460038
GGTTG,7.488726291227271
GGTMG,7.284682965663011
GGMGG,7.07067252928172
GGMAG,7.317588121654591
GGMCG,7.233461533928346
GGMTG,7.427695411891549
GGMMG,7.226063292993582
GAGGG,6.90574042633697
GAGAG,7.46810828312883
GAGCG,7.374794795097454
GAGTG,7.184582310194126
GAGMG,7.364967065894368
GAAGG,7.1756322286576655
GAAAG,7.410578420077517
GAACG,7.325813618129746
GAATG,7.519154873641846
GAAMG,7.317807870068198
GACGG,6.958785871384842
GACAG,7.3824669371107845
GACCG,7.29927178251259
GACTG,7.4940313973734485
GACMG,7.292308324186521
GATGG,7.28816710576061
GATAG,7.446114529163247
GATCG,7.356219595046033
GATTG,7.550844669309298
GATMG,7.347562753549069
GAMGG,6.944437505059072
GAMAG,7.380756893054303
GAMCG,7.298410861116219
GAMTG,7.4922745255754535
GAMMG,7.291403816481518
GCGGG,6.814166564727496
GCGAG,7.098849575313167
GCGCG,7.26952556199996
GCGTG,7.097104588769073
GCGMG,7.256669394705149
GCAGG,7.037656949270912
GCAAG,7.410904312865786
GCACG,7.326987553100497
GCATG,7.519740123326654
GCAMG,7.319091040929936
GCCGG,6.891003370736953
GCCAG,7.357204965537817
GCCCG,7.280177003491688
GCCTG,7.498189643888479
GCCMG,7.07075568180734
GCTGG,7.227929271898981
GCTAG,7.44494444124886
GCTCG,7.355616129143867
GCTTG,7.549630454847466
GCTMG,7.347003414194348
GCMGG,6.8783069622287005
GCMAG,7.349369154282647
GCMCG,7.2716427308207745
GCMTG,7.497062882729804
GCMMG,7.06093588315118
GTGGG,6.732298817174851
GTGAG,7.4291444149361325
GTGCG,7.393955223700711
GTGTG,7.587490186526996
GTGMG,7.384083908188995
GTAGG,7.173416198119688
GTAAG,7.434277227166672
GTACG,7.349125010590535
GTATG,7.541223245948393
GTAMG,7.3410971992552625
GTCGG,7.013218709133808
GTCAG,7.409885166881657
GTCCG,7.326432276103366
GTCTG,7.5201668023531445
GTCMG,7.319511863847115
GTTGG,7.351644286152548
GTTAG,7.465827079848394
GTTCG,7.375848754785611
GTTTG,7.569208745620911
GTTMG,7.367213436323556
GTMGG,6.997826432356119
GTMAG,7.2145878836317925
GTMCG,7.325528848875989
GTMTG,7.518301775141788
GTMMG,7.318608436619739
GMGGG,6.797208962510738
GMGAG,7.081304908526908
GMGCG,7.125084857102985
GMGTG,7.079429703295731
GMGMG,7.248457427319061
GMAGG,7.031699671197443
GMAAG,7.40635629659888
GMACG,7.322657468376754
GMATG,7.514821353316968
GMAMG,7.314760956206194
GMCGG,6.88554598461572
GMCAG,7.353070749083512
GMCCG,7.301344909317849
GMCTG,7.4951230218762595
GMCMG,7.0661204929231705
GMTGG,7.223232755342965
GMTAG,7.438977979115556
GMTCG,7.349976294205899
GMTTG,7.543358348314922
GMTMG,7.3412984699128385
GMMGG,6.872762403490203
GMMAG,7.345082655867536
GMMCG,7.191450946041898
GMMTG,7.49388756506541
GMMMG,7.056148412306204
AGGGG,6.790864225557205
AGGAG,7.156360724174252
AGGCG,7.175486296807537
AGGTG,7.1406063374748
AGGMG,7.177575738427819
AGAGG,7.258017092405671
AGAAG,7.451567850941139
AGACG,7.265401502432504
AGATG,7.45322881978321
AGAMG,7.257614226152931
AGCGG,7.096736968808562
AGCAG,7.32587537640404
AGCCG,7.246805880956773
AGCTG,7.431823145480088
AGCMG,7.2401916533385755
AGTGG,7.168826602611346
AGTAG,7.391137822831155
AGTCG,7.307547863296482
AGTTG,7.490687675115725
AGTMG,7.299153620128939
AGMGG,7.078997514230491
AGMAG,7.320159713863897
AGMCG,7.243094108136088
AGMTG,7.4249930607563455
AGMMG,7.236306075522176
AAGGG,6.8294643862304225
AAGAG,7.360929550201972
AAGCG,7.276246151279795
AAGTG,7.084420972957071
AAGMG,7.263541725706976
AAAGG,7.0660562487560306
AAAAG,7.295554151596843
AAACG,7.409586503321051
AAATG,7.596607744081466
AAAMG,7.402234549888988
AACGG,6.919863297776186
AACAG,7.363506892855728
AACCG,7.30811980316495
AACTG,7.501615415075471
AACMG,7.301374276382043
AATGG,7.249200945843322
AATAG,7.520865048467663
AATCG,7.363019059192673
AATTG,7.5568159935919255
AATMG,7.354580149238871
AAMGG,6.905602104067681
AAMAG,7.354735866800812
AAMCG,7.305515429423286
AAMTG,7.497722814154493
AAMMG,7.298726316331747
ACGGG,6.743905435212207
ACGAG,7.028457686871983
ACGCG,7.198523465237922
ACGTG,7.0264511824760945
ACGMG,7.1861903336466995
ACAGG,6.999824033378064
ACAAG,7.242486816310529
ACACG,7.30349453274768
ACATG,7.474453948657682
ACAMG,7.292939255750548
ACCGG,6.854260112559913
ACCAG,7.319502808570866
ACCCG,7.237723938883816
ACCTG,7.712590696050826
ACCMG,7.028302617199467
ACTGG,7.191055254796044
ACTAG,7.536998725080305
ACTCG,7.5677506932573335
ACTTG,7.762811090368109
ACTMG,7.559181564616447
ACMGG,6.841650876668926
ACMAG,7.311754169932962
ACMCG,7.229320425138799
ACMTG,7.711725452743944
ACMMG,7.018613577469204
ATGGG,6.661776169807768
ATGAG,7.358447422334521
ATGCG,7.368064956373118
ATGTG,7.562210127520254
ATGMG,7.354706736170815
ATAGG,7.135931972695899
ATAAG,7.3691592820699965
ATACG,7.538202417437508
ATATG,7.489573470219103
ATAMG,7.292019015735279
ATCGG,6.976824141425827
ATCAG,7.404916327697573
ATCCG,7.5151174061726485
ATCTG,7.709941590138236
ATCMG,7.5082405802250305
ATTGG,7.315206132135934
ATTAG,7.6231300677024105
ATTCG,7.56353139975635
ATTTG,7.758068220924724
ATTMG,7.554939667602928
ATMGG,6.9616062098826665
ATMAG,7.395340305529994
ATMCG,7.514301151562536
ATMTG,7.708250908161408
ATMMG,7.507380739306286
AMGGG,6.728342594871684
AMGAG,7.012307781961957
AMGCG,7.19151039145863
AMGTG,7.010127472570353
AMGMG,7.1793295418282135
AMAGG,6.994564136242712
AMAAG,7.2373721780314035
AMACG,7.295764715950616
AMATG,7.466876413821423
AMAMG,7.285253025262118
AMCGG,6.849456521068165
AMCAG,7.31610955936331
AMCCG,7.233873303555028
AMCTG,7.7090010383350185
AMCMG,7.02445198187068
AMTGG,7.187099705486777
AMTAG,7.534431995020322
AMTCG,7.561413477381249
AMTTG,7.755798016588816
AMTMG,7.552822825705453
AMMGG,6.8368472851771775
AMMAG,7.308252225073232
AMMCG,7.454276387094745
AMMTG,7.707896340450066
AMMMG,7.014567073870977
CGGGG,6.773124597943854
CGGAG,7.08923780888049
CGGCG,7.1084069678224076
CGGTG,7.0734398358724055
CGGMG,7.1105399957513225
CGAGG,7.07443156044637
CGAAG,7.385273075511391
CGACG,7.199106727002756
CGATG,7.386846871736198
CGAMG,7.1914066233404474
CGCGG,7.0840097666879265
CGCAG,7.259144737887969
CGCCG,7.180162415057966
CGCTG,7.365048920655385
CGCMG,7.173635360057034
CGTGG,7.168826602611346
CGTAG,7.325060978944568
CGTCG,7.241558192027159
CGTTG,7.424567244920507
CGTMG,7.233207535168249
CGMGG,7.06613955318396
CGMAG,7.254126456285943
CGMCG,7.177060850558133
CGMTG,7.358916216869759
CGMMG,7.170403576870118
CAGGG,6.8017870802489035
CAGAG,7.333470175763615
CAGCG,7.248786776841437
CAGTG,7.056830839592816
CAGMG,7.2362566965031485
CAAGG,7.052152216302323
CAAAG,7.206027873666073
CAACG,7.349786087877518
CAATG,7.5365893970947715
CAAMG,7.342521307062719
CACGG,6.906264369482905
CACAG,7.349559274093388
CACCG,7.341463329268669
CACTG,7.524846917576494
CACMG,7.335284424497982
CATGG,7.235645603858673
CATAG,7.319104025808687
CATCG,7.380192064793805
CATTG,7.562220695862332
CATMG,7.372276190543591
CAMGG,6.891959589465767
CAMAG,7.3406574891125755
CAMCG,7.338728196601108
CAMTG,7.51916727800159
CAMMG,7.332462119213157
CCGGG,6.716707578625645
CCGAG,7.001390589211316
CCGCG,7.171499953885888
CCGTG,6.999296912198163
CCGMG,7.159384753837827
CCAGG,6.9863558640106795
CCAAG,7.225139465474868
CCACG,7.277342747568293
CCATG,7.448345749786926
CCAMG,7.267005402114322
CCCGG,6.840835529501161
CCCAG,7.305598776117159
CCCCG,7.091361114496509
CCCTG,7.334479468665512
CCCMG,7.173096334476011
CCTGG,7.177674258045925
CCTAG,7.52313827893523
CCTCG,7.2861395531839594
CCTTG,7.690719335890263
CCTMG,7.374855065410396
CCMGG,6.828139120992908
CCMAG,7.297762964861989
CCMCG,7.2395196213587605
CCMTG,7.396029819320102
CCMMG,6.9626051708766825
CTGGG,6.637411423282305
CTGAG,7.334257021043587
CTGCG,7.343918141390817
CTGTG,7.537888967303424
CTGMG,7.330777852731676
CTAGG,7.124294428291072
CTAAG,7.351245309222116
CTACG,7.44514564850752
CTATG,7.615014866462899
CTAMG,7.433674518790295
CTCGG,6.965186597021
CTCAG,7.392755747589158
CTCCG,7.291432470271618
CTCTG,7.456225687589542
CTCMG,7.2647238738962985
CTTGG,7.303655760348372
CTTAG,7.61105666021126
CTTCG,7.613045446362658
CTTTG,7.579843804927196
CTTMG,7.467592705103773
CTMGG,6.949881492860574
CTMAG,7.383048966495681
CTMCG,7.399276883081862
CTMTG,7.550250539369274
CTMMG,7.109699259345063
CMGGG,6.701842119223238
CMGAG,6.985938065239408
CMGCG,7.165184261044713
CMGTG,6.9836705832305395
CMGMG,7.153177756648826
CMAGG,6.981401071035753
CMAAG,7.2205478628993305
CMACG,7.270266725400713
CMATG,7.441465595888785
CMAMG,7.2599729662553765
CMCGG,6.836380628478471
CMCAG,7.302510631070029
CMCCG,7.338611203198476
CMCTG,7.511990923316964
CMCMG,7.169463630690385
CMTGG,7.174023812897084
CMTAG,7.52083306672704
CMTCG,7.361570252302094
CMTTG,7.530805491428817
CMTMG,7.130776599218767
CMMGG,6.8236406336615865
CMMAG,7.2945225378540535
CMMCG,7.052584966739349
CMMTG,7.385880692274538
CMMMG,6.95393851856343
TGGGG,6.630989645493882
TGGAG,7.223570812085279
TGGCG,7.242870729953093
TGGTG,7.207860011694459
TGGMG,7.244872998956111
TGAGG,7.2084158731820995
TGAAG,7.519257388247121
TGACG,7.333265384973015
TGATG,7.520918357089192
TGAMG,7.325390936076177
TGCGG,7.110117965558682
TGCAG,7.393913604179081
TGCCG,7.315018453966342
TGCTG,7.499817786946497
TGCMG,7.308317053730881
TGTGG,7.440238546464759
TGTAG,7.459611913692518
TGTCG,7.376196299392374
TGTTG,7.559118179668457
TGTMG,7.367671297298934
TGMGG,7.092378510980612
TGMAG,7.387587733318085
TGMCG,7.310696472824805
TGMTG,7.4924210802105335
TGMMG,7.303821267593628
TAGGG,6.856487897582457
TAGAG,7.388127406788535
TAGCG,7.303574766792255
TAGTG,7.111662415852266
TAGMG,7.290608823367643
TAAGG,7.078565519333505
TAAAG,7.316911442826677
TAACG,7.28802428854553
TAATG,7.473302076960653
TAAMG,7.278144329212793
TACGG,6.931588014798279
TACAG,7.376408440210893
TACCG,7.471568460536123
TACTG,7.654995635152581
TACMG,7.465215210530907
TATGG,7.261056421791311
TATAG,7.588031550070058
TATCG,7.5090331931109215
TATTG,7.691018237870817
TATMG,7.500899387317546
TAMGG,6.917370407398406
TAMAG,7.36768100046461
TAMCG,7.4676129112268566
TAMTG,7.647964820010075
TAMMG,7.461128902295744
TCGGG,6.766047279997423
TCGAG,7.050686704274462
TCGCG,7.220839655257667
TCGTG,7.048723786187207
TCGMG,7.208332178431914
TCAGG,7.009979643289393
TCAAG,7.258875268356278
TCACG,7.328207969742201
TCATG,7.499080213034938
TCAMG,7.317478347510541
TCCGG,6.86380551415039
TCCAG,7.33013786787715
TCCCG,7.173259788416625
TCCTG,7.37157141731161
TCCMG,7.199814741667618
TCTGG,7.2007314153124184
TCTAG,7.547808129621119
TCTCG,7.632737879428111
TCTTG,7.748035331741754
TCTMG,7.401965749379695
TCMGG,6.851283450876667
TCMAG,7.322519988165143
TCMCG,7.295135751173592
TCMTG,7.451558776517668
TCMMG,7.012162803791622
TTGGG,6.687404919283568
TTGAG,7.384206930736218
TTGCG,7.393955223700711
TTGTG,7.587969635921952
TTGMG,7.3803790719552484
TTAGG,7.148136139112947
TTAAG,7.5162194873954205
TTACG,7.496490320076384
TTATG,7.666141606488602
TTAMG,7.48462691358147
TTCGG,6.988418099522022
TTCAG,7.417556357200945
TTCCG,7.379389641091626
TTCTG,7.552638602284218
TTCMG,7.291660212631068
TTTGG,7.326974435466659
TTTAG,7.635988028748943
TTTCG,7.728374819003758
TTTTG,7.660870752674666
TTTMG,7.494964906924865
TTMGG,6.973243754287494
TTMAG,7.408067507650629
TTMCG,7.455808325377973
TTMTG,7.606433291196325
TTMMG,7.27924999992476
TMGGG,6.750135749187841
TMGAG,7.034188108895378
TMGCG,7.213477891009315
TMGTG,7.032007799503774
TMGMG,7.201079109835737
TMAGG,7.0045018146108795
TMAAG,7.253411939608094
TMACG,7.320042289858814
TMATG,7.491066815112357
TMAMG,7.309356253935786
TMCGG,6.858827577424113
TMCAG,7.326526687126433
TMCCG,7.169147635236044
TMCTG,7.639960325461435
TMCMG,7.195659002178405
TMTGG,7.196645107077255
TMTAG,7.545067054326606
TMTCG,7.484222124793423
TMTTG,7.65280356929066
TMTMG,7.161461360495916
TMMGG,6.846305514150389
TMMAG,7.318800111762251
TMMCG,7.283548816181975
TMMTG,7.440581509608092
TMMMG,7.002319321145298
MGGGG,6.766499479031742
MGGAG,7.082525517351114
MGGCG,7.101607503675767
MGGTG,7.066683958034397
MGGMG,7.103784117913314
MGAGG,7.067588509991096
MGAAG,7.378299266130221
MGACG,7.192089331312954
MGATG,7.379873062355028
MGAMG,7.184389227650645
MGCGG,7.083312385749809
MGCAG,7.252083755889535
MGCCG,7.173057846750899
MGCTG,7.357987938656951
MGCMG,7.166574378058599
MGTGG,7.161896379538808
MGTAG,7.317999996946133
MGTCG,7.234453623720093
MGTTG,7.417506262922072
MGTMG,7.226146553169815
MGMGG,7.065485758554475
MGMAG,7.247109060596141
MGMCG,7.170043454868331
MGMTG,7.351942407488589
MGMMG,7.163342594871684
MAGGG,6.7995205922000235
MAGAG,7.331160101406103
MAGCG,7.246433116175293
MAGTG,7.054520765235304
MAGMG,7.233946622145636
MAAGG,7.051062558586516
MAAAG,7.202453796358223
MAACG,7.342507174335921
MAATG,7.5293540698618076
MAAMG,7.335285979829756
MACGG,6.9051747117670965
MACAG,7.348426030068948
MACCG,7.334184415727073
MACTG,7.5175680040348976
MACMG,7.328005510956386
MATGG,7.234599532451497
MATAG,7.454875377198342
MATCG,7.373000323869474
MATTG,7.555072541246632
MATMG,7.365084449619259
MAMGG,6.890869931749959
MAMAG,7.3395242450881355
MAMCG,7.331492869368144
MAMTG,7.511975537077259
MAMMG,7.325270378288825
MCGGG,6.714659022119926
MCGAG,6.999254860088333
MCGCG,7.169364224762905
MCGTG,6.99716118307518
MCGMG,7.157249024714844
MCAGG,6.985309792603504
MCAAG,7.223657530981369
MCACG,7.2750762595194125
MCATG,7.446122848046678
MCAMG,7.264738914065442
MCCGG,6.839745871785353
MCCAG,7.304465532092719
MCCCG,7.474223249522746
MCCTG,7.394105538874515
MCCMG,7.171788745217041
MCTGG,7.1766717729473815
MCTAG,7.5220486212194215
MCTCG,7.30592773730303
MCTTG,7.491617078057857
MCTMG,7.373634648768691
MCMGG,6.827049463277101
MCMAG,7.2965861345289165
MCMCG,7.236817270223558
MCMTG,7.393414640802163
MCMMG,6.96029509651917
MTGGG,6.635667970937012
MTGAG,7.332469982389663
MTGCG,7.342131102736891
MTGTG,7.536101928649499
MTGMG,7.328990814077751
MTAGG,7.12350987473569
MTAAG,7.349894133654515
MTACG,7.44327143723633
MTATG,7.613140655191709
MTAMG,7.431843893827738
MTCGG,6.96444562977425
MTCAG,7.3919711940337764
MTCCG,7.5156404418762355
MTCTG,7.706105994978592
MTCMG,7.263721388797755
MTTGG,7.302958379410255
MTTAG,7.610272106655878
MTTCG,7.549670953611275
MTTTG,7.513113166411125
MTTMG,7.2014547045948705
MTMGG,6.949096939305193
MTMAG,7.382220826631667
MTMCG,7.396836049798453
MTMTG,7.547940465011761
MTMMG,7.107432771296183
MMGGG,6.699793562717519
MMGAG,6.981797365919338
MMGCG,7.163004945613097
MMGTG,6.981534854107556
MMGMG,7.151042027525842
MMAGG,6.980311413319946
MMAAG,7.219022342097199
MMACG,7.267913064734568
MMATG,7.439155521531273
MMAMG,7.257662891897864
MMCGG,6.835247384454031
MMCAG,7.301333800736956
MMCCG,7.328324834361251
MMCTG,7.501922486022901
MMCMG,7.00108972044376
MMTGG,7.172977741489908
MMTAG,7.519743409011232
MMTCG,7.351763332859823
MMTTG,7.521216503529708
MMTMG,7.344349511517101
MMMGG,6.822507389637146
MMMAG,7.293345707520981
MMMCG,7.044347154407841
MMMTG,7.213671186868271
MMMMG,6.951584857897285
GGGGA,6.876819083122499
GGGAA,7.158842830908731
GGGCA,7.1800718048538155
GGGTA,7.147127384464112
GGGMA,7.183461812628488
GGAGA,7.380230721582694
GGAAA,7.496894218583554
GGACA,7.512267587002763
GGATA,7.478074290349507
GGAMA,7.514331183677626
GGCGA,7.246748096536675
GGCAA,7.538562750769017
GGCCA,7.516222228869682
GGCTA,7.510619951095755
GGCMA,7.508628659904293
GGTGA,7.425342766318363
GGTAA,7.4993693675981214
GGTCA,7.528645514958131
GGTTA,7.47401157958687
GGTMA,7.242101454986804
GGMGA,7.236245589908009
GGMAA,7.535769531862494
GGMCA,7.514603679340976
GGMTA,7.504198890552929
GGMMA,7.506879891688503
GAGGA,7.060635554622436
GAGAA,7.374806593833717
GAGCA,7.405070639844299
GAGTA,7.37515735874039
GAGMA,7.403186250553288
GAAGA,7.340163539787289
GAAAA,7.445281700185189
GAACA,7.6041560617700865
GAATA,7.70972992218811
GAAMA,7.595889876334372
GACGA,7.124554260041757
GACAA,7.406101628816385
GACCA,7.579241959741471
GACTA,7.767165093530461
GACMA,7.571952954697694
GATGA,7.453414619669191
GATAA,7.518776556555673
GATCA,7.6380779432376205
GATTA,7.8255409897113095
GATMA,7.629095555022948
GAMGA,7.109815237654736
GAMAA,7.401982539048865
GAMCA,7.578250819658017
GAMTA,7.7653431123889245
GAMMA,7.570853118962065
GCGGA,6.89529280678033
GCGAA,7.1807571294885
GCGCA,7.219130930098762
GCGTA,7.1889738725062715
GCGMA,7.215455180243316
GCAGA,7.202513807118244
GCAAA,7.332642881928783
GCACA,7.6048091219925045
GCATA,7.429173026460289
GCAMA,7.5965219537606945
GCCGA,7.056967087424491
GCCAA,7.375044925668215
GCCCA,7.559430977941611
GCCTA,7.770607137266535
GCCMA,7.349684109539555
GCTGA,7.393437223181729
GCTAA,7.5082307231712955
GCTCA,7.636693165212955
GCTTA,7.823545463126978
GCTMA,7.627689794202186
GCMGA,7.043880022854989
GCMAA,7.365125615419714
GCMCA,7.550701377240072
GCMTA,7.769350157420776
GCMMA,7.339603873509229
GTGGA,7.226413625312055
GTGAA,7.511051969111466
GTGCA,7.505878185248722
GTGTA,7.474916131543569
GTGMA,7.503038678839498
GTAGA,7.338207946623478
GTAAA,7.48219770401329
GTACA,7.629225406506499
GTATA,7.814422051448946
GTAMA,7.62093715779706
GTCGA,7.179117316477805
GTCAA,7.442830494713706
GTCCA,7.608030186920786
GTCTA,7.794993341442238
GTCMA,7.600849337290369
GTTGA,7.517087128091754
GTTAA,7.73993741615853
GTTCA,7.659269727222196
GTTTA,7.845532799611463
GTTMA,7.650373971385975
GTMGA,7.163334383638865
GTMAA,7.2449288377221785
GTMCA,7.606931431662785
GTMTA,7.792998095543799
GTMMA,7.599685472688827
GMGGA,6.878204985876489
GMGAA,7.163017134671616
GMGCA,7.065184261044713
GMGTA,7.171103659002304
GMGMA,7.197737248700155
GMAGA,7.196491419701233
GMAAA,7.324383633080006
GMACA,7.60041392792522
GMATA,7.628632485827685
GMAMA,7.592126759693411
GMCGA,7.051379482616176
GMCAA,7.370259615778495
GMCCA,7.58053377442423
GMCTA,7.767410296567231
GMCMA,7.344918701968301
GMTGA,7.388675597282172
GMTAA,7.5014178395719515
GMTCA,7.630988220931444
GMTTA,7.81714313790735
GMTMA,7.621919740577135
GMMGA,7.0352102156264955
GMMAA,7.360188023569187
GMMCA,7.470444483117654
GMMTA,7.766109730412841
GMMMA,7.334751293320711
AGGGA,6.858512833496928
AGGAA,7.198942234850459
AGGCA,7.220607071881866
AGGTA,7.186703752702253
AGGMA,7.22438935643423
AGAGA,7.468710928106289
AGAAA,7.494409798991512
AGACA,7.513923866730791
AGATA,7.473933591029438
AGAMA,7.516554085417875
AGCGA,7.262700685496101
AGCAA,7.544577661360276
AGCCA,7.528208463743568
AGCTA,7.512363403441047
AGCMA,7.5212686894076635
AGTGA,7.334334553894093
AGTAA,7.505079174028955
AGTCA,7.542462374794575
AGTTA,7.475972963475324
AGTMA,7.256572109452732
AGMGA,7.24457057485678
AGMAA,7.5383411240718
AGMCA,7.524236253548717
AGMTA,7.501496539417725
AGMMA,7.517122674217097
AAGGA,6.984359514515889
AAGAA,7.267627860906859
AAGCA,7.30652199602664
AAGTA,7.274996021503335
AAGMA,7.301760910365896
AAAGA,7.230587559885654
AAAAA,7.330257431704515
AAACA,7.687928946961391
AAATA,7.78718279262773
AAAMA,7.680316556155161
AACGA,7.085631686433101
AACAA,7.387141584561329
AACCA,7.588089980393831
AACTA,7.774749111232484
AACMA,7.581018906893215
AATGA,7.414448459751903
AATAA,7.593527075860089
AATCA,7.644877407384261
AATTA,7.831512313993937
AATMA,7.63611295071275
AAMGA,7.070979836663345
AAMAA,7.375961512795374
AAMCA,7.585355387965084
AAMTA,7.770791400967964
AAMMA,7.578175618812294
ACGGA,6.8250316772650415
ACGAA,7.110365241047315
ACGCA,7.148128833336724
ACGTA,7.118320466213293
ACGMA,7.144976119184866
ACAGA,7.164680891225396
ACAAA,7.164225385373526
ACACA,7.581316101639688
ACATA,7.383886851791316
ACAMA,7.570370168581307
ACCGA,7.020223829247452
ACCAA,7.337342768701264
ACCCA,7.516977913333739
ACCTA,7.985008189428882
ACCMA,7.307231044931682
ACTGA,7.356563206078792
ACTAA,7.60028500700274
ACTCA,7.8488277293264215
ACTTA,8.03672609864762
ACTMA,7.8398679446242845
ACMGA,7.0072239372952145
ACMAA,7.327510631070028
ACMCA,7.508379071558097
ACMTA,7.984012727434917
ACMMA,7.297281567827253
ATGGA,7.155890977944972
ATGAA,7.4403549765098544
ATGCA,7.479987917921129
ATGTA,7.449636072536827
ATGMA,7.473661506821318
ATAGA,7.300723721199689
ATAAA,7.417079758916614
ATACA,7.818302813353472
ATATA,7.762772275719656
ATAMA,7.5718589742770765
ATCGA,7.142722748769824
ATCAA,7.437861655529622
ATCCA,7.796715316990069
ATCTA,7.984768129227329
ATCMA,7.789578053668285
ATTGA,7.48064897407514
ATTAA,7.897240404012547
ATTCA,7.846952372192935
ATTTA,8.034392274915275
ATTMA,7.838100202665347
ATMGA,7.127114161165413
ATMAA,7.42568125962038
ATMCA,7.795703734349332
ATMTA,7.982947228563419
ATMMA,7.788457775375374
AMGGA,6.809338618237435
AMGAA,7.094020008106665
AMGCA,7.131609795400358
AMGTA,7.101801428276926
AMGMA,7.128609363209307
AMAGA,7.1593558847465015
AMAAA,7.1553995145125295
AMACA,7.573521175499082
AMATA,7.580687546332141
AMAMA,7.5626188287493346
AMCGA,7.015290019068621
AMCAA,7.333298426058293
AMCCA,7.513062168661409
AMCTA,7.98128831302599
AMCMA,7.3032501909158105
AMTGA,7.352542547425984
AMTAA,7.596871855476717
AMTCA,7.842425404106795
AMTTA,8.029582806181244
AMTMA,7.83344409636975
AMMGA,6.99929509731347
AMMAA,7.323357592774883
AMMCA,7.733269924170501
AMMTA,7.980118505797496
AMMMA,7.293169954885484
CGGGA,6.840773205883576
CGGAA,7.131819319556697
CGGCA,7.1535277428967365
CGGTA,7.1195372510998585
CGGMA,7.157353613757733
CGAGA,7.285125396146988
CGAAA,7.428115023561764
CGACA,7.447629091301043
CGATA,7.407551642982426
CGAMA,7.450346482605391
CGCGA,7.249973483375466
CGCAA,7.477847022844205
CGCCA,7.461564997844762
CGCTA,7.445589178616344
CGCMA,7.454712396126122
CGTGA,7.334334553894093
CGTAA,7.439002330142368
CGTCA,7.4764727035252525
CGTTA,7.409852533280105
CGTMA,7.190626024492042
CGMGA,7.231712613810249
CGMAA,7.472307866493845
CGMCA,7.458202995970763
CGMTA,7.435419695531139
CGMMA,7.451220175565039
CAGGA,6.95668220853437
CAGAA,7.2401684864685025
CAGCA,7.279062621588282
CAGTA,7.24740588813908
CAGMA,7.2744758811620684
CAAGA,7.216683527431947
CAAAA,7.240731153773745
CAACA,7.628128531517858
CAATA,7.727164445641035
CAAMA,7.620603313328893
CACGA,7.0720327581398195
CACAA,7.373193965798989
CACCA,7.62143350649755
CACTA,7.797980613733507
CACMA,7.614929055009155
CATGA,7.400893117767255
CATAA,7.3917660532011125
CATCA,7.662050412985392
CATTA,7.836917016264343
CATMA,7.65380899201747
CAMGA,7.057337322061431
CAMAA,7.361883135107138
CAMCA,7.618568155142906
CAMTA,7.792235864815061
CAMMA,7.611911421693704
CCGGA,6.797833820678479
CCGAA,7.083298143386648
CCGCA,7.1211053219846905
CCGTA,7.091166195935362
CCGMA,7.118170539375994
CCAGA,7.151212721858012
CCAAA,7.146878034537865
CCACA,7.5551643164603
CCATA,7.35777865292056
CCAMA,7.544436314945081
CCCGA,7.006799246188699
CCCAA,7.323438736247557
CCCCA,7.370615088946432
CCCTA,7.606896962043567
CCCMA,7.452024762208226
CCTGA,7.343182209328672
CCTAA,7.586424560857665
CCTCA,7.567216589253047
CCTTA,7.964634344169775
CCTMA,7.655541445418234
CCMGA,6.9937121816191965
CCMAA,7.313519425999056
CCMCA,7.518578267778058
CCMTA,7.6683170940110745
CCMMA,7.241273161234731
CTGGA,7.131526231419509
CTGAA,7.416164575218921
CTGCA,7.455841102938828
CTGTA,7.425314912319997
CTGMA,7.449732623382179
CTAGA,7.289086176794862
CTAAA,7.399165786068734
CTACA,7.725246044423484
CTATA,7.888213671963452
CTAMA,7.713514477332093
CTCGA,7.131085204364997
CTCAA,7.425701075421207
CTCCA,7.573030381089038
CTCTA,7.731052226678635
CTCMA,7.546061347339553
CTTGA,7.469098602287578
CTTAA,7.885166996521397
CTTCA,7.896466418799243
CTTTA,7.856167858917748
CTTMA,7.750753240166192
CTMGA,7.115389444143321
CTMAA,7.413389920586067
CTMCA,7.680679465868658
CTMTA,7.824946859771285
CTMMA,7.390776295414151
CMGGA,6.7828381425889885
CMGAA,7.0676502913841155
CMGCA,7.105283664986441
CMGTA,7.075344538937112
CMGMA,7.102457578029919
CMAGA,7.146192819539543
CMAAA,7.1385751993804565
CMACA,7.548023184949179
CMATA,7.555276728399503
CMAMA,7.537338769742593
CMCGA,7.002214126478927
CMCAA,7.319699497765011
CMCCA,7.617800068304857
CMCTA,7.784278198007936
CMCMA,7.448261839735515
CMTGA,7.339466654836291
CMTAA,7.583272927183436
CMTCA,7.64258217902764
CMTTA,7.804590281021245
CMTMA,7.411397869883063
CMMGA,6.986088445797879
CMMAA,7.309627905555705
CMMCA,7.331578503815106
CMMTA,7.6581028576219685
CMMMA,7.232541399577937
TGGGA,6.698638253433605
TGGAA,7.266152322761485
TGGCA,7.2879915050274215
TGGTA,7.253957426921912
TGGMA,7.291686616962521
TGAGA,7.419109708882718
TGAAA,7.562099336297495
TGACA,7.581787749271302
TGATA,7.54162312833542
TGAMA,7.5843307953411205
TGCGA,7.276081682246221
TGCAA,7.612615889135317
TGCCA,7.596421036753138
TGCTA,7.580358044907456
TGCMA,7.589394089799969
TGTGA,7.605746497747506
TGTAA,7.573553264890318
TGTCA,7.611110810890468
TGTTA,7.544403468028055
TGTMA,7.325089786622727
TGMGA,7.257951571606901
TGMAA,7.605769143525988
TGMCA,7.591838618237435
TGMTA,7.568924558871913
TGMMA,7.584637866288549
TAGGA,7.011383025867923
TAGAA,7.294825717493422
TAGCA,7.333850611539099
TAGTA,7.30223746439853
TAGMA,7.328828008026563
TAAGA,7.243096830463129
TAAAA,7.351614722934349
TAACA,7.5663667321858705
TAATA,7.663877125506917
TAAMA,7.556226335478967
TACGA,7.097356403455193
TACAA,7.400043131916494
TACCA,7.7515386377650035
TACTA,7.928129331309593
TACMA,7.7448598410420795
TATGA,7.4263039356998926
TATAA,7.660693577462483
TATCA,7.790891541302509
TATTA,7.965714558272828
TATMA,7.782432188791424
TAMGA,7.08274813999407
TAMAA,7.388906646459172
TAMCA,7.747452869768654
TAMTA,7.921033406823546
TAMMA,7.740578204776291
TCGGA,6.847173522050257
TCGAA,7.132594258449794
TCGCA,7.170445023356469
TCGTA,7.140593069924405
TCGMA,7.167117963970081
TCAGA,7.174836501136725
TCAAA,7.180613837419275
TCACA,7.606029538634209
TCATA,7.408513116168573
TCAMA,7.594909260341299
TCCGA,7.029769230837928
TCCAA,7.347977828007548
TCCCA,7.452513762866548
TCCTA,7.643988910689665
TCCMA,7.478743169399833
TCTGA,7.366239366595166
TCTAA,7.611094411543554
TCTCA,7.9138149154972
TCTTA,8.021950340021265
TCTMA,7.682652129387533
TCMGA,7.016856511502955
TCMAA,7.33827644930221
TCMCA,7.57419439759289
TCMTA,7.723846051208641
TCMMA,7.29083079414967
TTGGA,7.181519727420772
TTGAA,7.466114484911551
TTGCA,7.505878185248722
TTGTA,7.475395580938525
TTGMA,7.499333842605751
TTAGA,7.312927887616737
TTAAA,7.564139964242038
TTACA,7.776590715992348
TTATA,7.939340411989155
TTAMA,7.7644668721232675
TTCGA,7.154316706866019
TTCAA,7.450501685032994
TTCCA,7.660987551909046
TTCTA,7.827465141373311
TTCMA,7.572997686074322
TTTGA,7.492417277405865
TTTAA,7.9100983650590795
TTTCA,8.011795791440344
TTTTA,7.937194806665217
TTTMA,7.778125441987284
TTMGA,7.1387517055702405
TTMAA,7.438408461741015
TTMCA,7.737210908164768
TTMTA,7.881129611598336
TTMMA,7.560327035993848
TMGGA,6.831131772553592
TMGAA,7.115900335040086
TMGCA,7.153577294951043
TMGTA,7.123681755210347
TMGMA,7.1503589312168305
TMAGA,7.169293563114669
TMAAA,7.17143927608922
TMACA,7.59779874940728
TMATA,7.604877947623074
TMAMA,7.586722057423003
TMCGA,7.024661075424569
TMCAA,7.343715553821416
TMCCA,7.448336500342425
TMCTA,7.912247600152407
TMCMA,7.474457211223536
TMTGA,7.362087949016462
TMTAA,7.607506914783001
TMTCA,7.765234051518968
TMTTA,7.926588358883088
TMTMA,7.442082631160212
TMMGA,7.008753326286682
TMMAA,7.333905479463903
TMMCA,7.562542353257731
TMMTA,7.712803674955522
TMMMA,7.280922202159805
MGGGA,6.834148086971465
MGGAA,7.125107028027321
MGGCA,7.146728278750096
MGGTA,7.11278137326185
MGGMA,7.150597735919725
MGAGA,7.278282345691714
MGAAA,7.421141214180595
MGACA,7.440611695611241
MGATA,7.400577833601256
MGAMA,7.443329086915589
MGCGA,7.249276102437348
MGCAA,7.470786040845771
MGCCA,7.454460429537694
MGCTA,7.43852819661791
MGCMA,7.447651414127687
MGTGA,7.3274043308215555
MGTAA,7.431941348143933
MGTCA,7.469368135218186
MGTTA,7.402791551281671
MGTMA,7.1835650424936075
MGMGA,7.231058819180764
MGMAA,7.465290470804043
MGMCA,7.451185600280961
MGMTA,7.4284458861499685
MGMMA,7.4441591935666045
MAGGA,6.95441572048549
MAGAA,7.23785841211099
MAGCA,7.276708960922138
MAGTA,7.2450958137815675
MAGMA,7.272165806804557
MAAGA,7.215593869716139
MAAAA,7.237157076465896
MAACA,7.620849617976262
MAATA,7.719929118408071
MAAMA,7.61336798609593
MACGA,7.070943100424011
MACAA,7.372060721774549
MACCA,7.614154592955954
MACTA,7.79070170019191
MACMA,7.607650141467558
MATGA,7.399847046360079
MATAA,7.527537404590768
MATCA,7.654858672061061
MATTA,7.829768861648644
MATMA,7.646617251093137
MAMGA,7.056247664345624
MAMAA,7.360749891082698
MAMCA,7.6113328279099415
MAMTA,7.78504412389073
MAMMA,7.604719680769372
MCGGA,6.79578526417276
MCGAA,7.081162414263665
MCGCA,7.118969592861707
MCGTA,7.089030466812378
MCGMA,7.11603481025301
MCAGA,7.150166650450836
MCAAA,7.145396100044366
MCACA,7.55289782841142
MCATA,7.3555557511803125
MCAMA,7.542169826896201
MCCGA,7.005709588472891
MCCAA,7.3223054922231166
MCCCA,7.753477223972669
MCCTA,7.666523032252571
MCCMA,7.450717172949257
MCTGA,7.342179724230129
MCTAA,7.585334903141857
MCTCA,7.587004773372118
MCTTA,7.765532086337369
MCTMA,7.654321028776529
MCMGA,6.992622523903389
MCMAA,7.312342595665983
MCMCA,7.515875916642855
MCMTA,7.665701915493136
MCMMA,7.238963086877218
MTGGA,7.129782779074216
MTGAA,7.414377536564996
MTGCA,7.454054064284902
MTGTA,7.423527873666072
MTGMA,7.447945584728254
MTAGA,7.28830162323948
MTAAA,7.397814610501133
MTACA,7.723371833152294
MTATA,7.8863394606922625
MTAMA,7.711683852369536
MTCGA,7.130344237118247
MTCAA,7.424916521865826
MTCCA,7.797238352693656
MTCTA,7.980932534067685
MTCMA,7.545058862241009
MTTGA,7.468401221349461
MTTAA,7.8843824429660145
MTTCA,7.83309192604786
MTTTA,7.789437220401676
MTTMA,7.484615239657289
MTMGA,7.114604890587939
MTMAA,7.412561780722053
MTMCA,7.6782386325852485
MTMTA,7.822636785413772
MTMMA,7.388509807365271
MMGGA,6.78078958608327
MMGAA,7.063509592064046
MMGCA,7.103104349554825
MMGTA,7.073208809814129
MMGMA,7.100321848906936
MMAGA,7.1451031618237355
MMAAA,7.137049678578325
MMACA,7.545669524283034
MMATA,7.55296665404199
MMAMA,7.535028695385081
MMCGA,7.001080882454487
MMCAA,7.318522667431939
MMCCA,7.607513699467631
MMCTA,7.774209760713872
MMCMA,7.279887929488891
MMTGA,7.338420583429115
MMTAA,7.582183269467627
MMTCA,7.632775259585369
MMTTA,7.7950012931221355
MMTMA,7.624970782181397
MMMGA,6.984955201773439
MMMAA,7.308451075222632
MMMCA,7.3233406914835975
MMMTA,7.485893352215701
MMMMA,7.230187738911792
GGGGC,6.885869281874782
GGGAC,7.161577423337478
GGGCC,7.185020114962977
GGGTC,7.154484740284313
GGGMC,7.1893867628907735
GGAGC,7.383811735477482
GGAAC,7.499628811012301
GGACC,7.517541443829633
GGATC,7.485692083543875
GGAMC,7.52058168065762
GGCGC,7.263416088483325
GGCAC,7.541883327289638
GGCCC,7.530611393792376
GGCTC,7.519084165756164
GGCMC,7.521585419269071
GGTGC,7.375208571791331
GGTAC,7.503275928210617
GGTCC,7.534896011938125
GGTTC,7.482866450308528
GGTMC,7.538348968101085
GGMGC,7.049642211317783
GGMAC,7.539415655100823
GGMCC,7.566886482204881
GGMTC,7.513053761274587
GGMMC,7.406546393290898
GAGGC,7.070336846810135
GAGAC,7.383726573898916
GAGCC,7.418938930018659
GAGTC,7.394625052459329
GAGMC,7.419658914469313
GAAGC,7.356636203703315
GAAAC,7.744980008507175
GAACC,7.650969679776497
GAATC,7.615842248801123
GAAMC,7.651623474405982
GACGC,7.140310721178824
GACAC,7.625910772612828
GACCC,7.58653420621813
GACTC,7.955005549647979
GACMC,7.57787790495998
GATGC,7.470212830302924
GATAC,7.902400808702781
GATCC,7.933609253572944
GATTC,7.879777072881462
GATMC,7.937323187348883
GAMGC,7.125506589448261
GAMAC,7.617885122232811
GAMCC,7.584957082042801
GAMTC,7.947453946274781
GAMMC,7.918146357412961
GCGGC,6.90505920831157
GCGAC,7.189677109553699
GCGCC,7.233129438960206
GCGTC,7.208571784912293
GCGMC,7.231927844159341
GCAGC,7.218986471034269
GCAAC,7.6767457625461395
GCACC,7.722266377741551
GCATC,7.662329585682758
GCAMC,7.722899189574941
GCCGC,7.072788657905099
GCCAC,7.581701982069254
GCCCC,7.368855929395347
GCCTC,7.558480896008001
GCCMC,7.391744745467428
GCTGC,7.4103005431590026
GCTAC,7.779606467052685
GCTCC,7.616248831340892
GCTTC,7.969781048721411
GCTMC,7.78245470380057
GCMGC,7.0596364839920565
GCMAC,7.568071439238882
GCMCC,7.7341795073403015
GCMTC,7.673248766353374
GCMMC,7.107358845096341
GTGGC,7.2363753548739185
GTGAC,7.520232386550831
GTGCC,7.52000691279725
GTGTC,7.494644262636674
GTGMC,7.519771780129688
GTAGC,7.354875938570127
GTAAC,7.568402474862368
GTACC,7.900926697105595
GTATC,7.838317180528714
GTAMC,7.899474929468025
GTCGC,7.195003996301955
GTCAC,7.675075523126594
GTCCC,7.503139034475269
GTCTC,8.063764711581964
GTCMC,7.689007388445695
GTTGC,7.534080666756112
GTTAC,7.841573101426968
GTTCC,7.733168832141913
GTTTC,8.126805163711177
GTTMC,7.8522129363649364
GTMGC,7.179155954119474
GTMAC,7.473137086835487
GTMCC,7.501389185781851
GTMTC,7.84391360219333
GTMMC,7.676188951350207
GMGGC,6.887841168720645
GMGAC,7.171872005393274
GMGCC,7.079117660562615
GMGTC,7.190636462064784
GMGMC,7.214209912616179
GMAGC,7.212898974273716
GMAAC,7.662952219496327
GMACC,7.708690766234901
GMATC,7.648230398233707
GMAMC,7.709388687411832
GMCGC,7.067201053096785
GMCAC,7.5757447039957855
GMCCC,7.963572042479464
GMCTC,7.586471430865124
GMCMC,7.38470051087222
GMTGC,7.405538917259446
GMTAC,7.772012271330841
GMTCC,7.946638318421122
GMTTC,7.869881706176047
GMTMC,7.77427560446448
GMMGC,7.053896597222935
GMMAC,7.561896769861065
GMMCC,7.640314760417689
GMMTC,7.6569864706371185
GMMMC,7.091958551254083
AGGGC,6.86756303224921
AGGAC,7.201676827279206
AGGCC,7.225555381991027
AGGTC,7.194061108522454
AGGMC,7.230314306696515
AGAGC,7.472291942001077
AGAAC,7.497144391420259
AGACC,7.519197723557661
AGATC,7.481551384223806
AGAMC,7.522804582397868
AGCGC,7.2793686774427515
AGCAC,7.547898237880897
AGCCC,7.542597628666262
AGCTC,7.520827618101456
AGCMC,7.534225448772442
AGTGC,7.284200359367062
AGTAC,7.508985734641451
AGTCC,7.548712871774569
AGTTC,7.484827834196982
AGTMC,7.552819622567013
AGMGC,7.057967196266555
AGMAC,7.5419872473101295
AGMCC,7.576519056412622
AGMTC,7.510351410139383
AGMMC,7.416789175819492
AAGGC,6.994060806703588
AAGAC,7.276547840972058
AAGCC,7.320390286201
AAGTC,7.294463715222274
AAGMC,7.318233574281921
AAAGC,7.24706022380168
AAAAC,7.629955740026501
AAACC,7.734742564967802
AAATC,7.693295119240743
AAAMC,7.7360501542267714
AACGC,7.101388147570168
AACAC,7.606950728357772
AACCC,7.59538222687049
AACTC,7.962589567350001
AACMC,7.586943857155501
AATGC,7.431246670385637
AATAC,7.9771513280071975
AATCC,7.940408717719585
AATTC,7.885748397164089
AATMC,7.944340583038685
AAMGC,7.0866711884568705
AAMAC,7.59186409597932
AAMCC,7.592061650349868
AAMTC,7.95290223485382
AAMMC,7.92546885726319
ACGGC,6.834798078796282
ACGAC,7.119285221112515
ACGCC,7.1621273421981675
ACGTC,7.137918378619314
ACGMC,7.161448783100892
ACAGC,7.181153555141421
ACAAC,7.508328265990882
ACACC,7.698773357388735
ACATC,7.6170434110137855
ACAMC,7.696747404395553
ACCGC,7.03604539972806
ACCAC,7.543999825102303
ACCCC,7.326402864787475
ACCTC,7.7728819481703475
ACCMC,7.349291680859555
ACTGC,7.373426526056066
ACTAC,7.871660750884129
ACTCC,7.828383395454359
ACTTC,8.182961684242054
ACTMC,7.994632854222669
ACMGC,7.022980398432282
ACMAC,7.530456454889197
ACMCC,7.691857201658326
ACMTC,7.887911336367514
ACMMC,7.065036539414365
ATGGC,7.165852707506836
ATGAC,7.44953539394922
ATGCC,7.494116645469656
ATGTC,7.469364203629932
ATGMC,7.490394608111509
ATAGC,7.317391713146338
ATAAC,7.5032845297656925
ATACC,8.090004103952568
ATATC,7.786667404799424
ATAMC,7.850396745948041
ATCGC,7.158609428593975
ATCAC,7.67010668394251
ATCCC,7.691824164544552
ATCTC,8.253539499367054
ATCMC,7.877736104823611
ATTGC,7.497642512739498
ATTAC,7.9988760892809845
ATTCC,7.9208514771126515
ATTTC,8.315664639014988
ATTMC,8.039939167644308
ATMGC,7.142935731646022
ATMAC,7.6538895087336885
ATMCC,7.690161488468398
ATMTC,8.03386273521295
ATMMC,7.864961254036754
AMGGC,6.818974801081591
AMGAC,7.102874878828323
AMGCC,7.14554319491826
AMGTC,7.121334231339406
AMGMC,7.145082027125332
AMAGC,7.175763439318985
AMAAC,7.49396810092885
AMACC,7.681798013808764
AMATC,7.6002854587381625
AMAMC,7.679880756467756
AMCGC,7.031111589549229
AMCAC,7.5387835142755835
AMCCC,7.896100436716643
AMCTC,7.8003494473238835
AMCMC,7.343031999819729
AMTGC,7.369405867403258
AMTAC,7.867466287235606
AMTCC,8.158075501596471
AMTTC,8.08232137444994
AMTMC,7.985799960257094
AMMGC,7.01798147890991
AMMAC,7.52506633906676
AMMCC,7.903140201470536
AMMTC,7.870995246021774
AMMMC,7.050377212818857
CGGGC,6.849823404635859
CGGAC,7.134553911985444
CGGCC,7.158476053005898
CGGTC,7.126894606920059
CGGMC,7.163278564020018
CGAGC,7.288706410041776
CGAAC,7.430849615990511
CGACC,7.452902948127913
CGATC,7.415169436176794
CGAMC,7.456596979585385
CGCGC,7.266641475322116
CGCAC,7.481167599364826
CGCCC,7.475954162767455
CGCTC,7.4540533932767525
CGCMC,7.4676691554909
CGTGC,7.284200359367062
CGTAC,7.442908890754864
CGTCC,7.482723200505246
CGTTC,7.418707404001763
CGTMC,7.486873537606323
CGMGC,7.045109235220023
CGMAC,7.475953989732175
CGMCC,7.510485798834668
CGMTC,7.444274566252797
CGMMC,7.350886677167434
CAGGC,6.966383500722069
CAGAC,7.249088466533702
CAGCC,7.292930911762642
CAGTC,7.266873581858019
CAGMC,7.290948545078093
CAAGC,7.233156191347972
CAAAC,7.540429462095731
CAACC,7.674942149524269
CAATC,7.633276772254048
CAAMC,7.676336911400503
CACGC,7.087789219276886
CACAC,7.593003109595432
CACCC,7.628725752974209
CACTC,7.985821069851024
CACMC,7.620854005271441
CATGC,7.417691328400988
CATAC,7.775390305348221
CATCC,7.957581723320716
CATTC,7.891153099434495
CATMC,7.962036624343405
CAMGC,7.073028673854957
CAMAC,7.577785718291083
CAMCC,7.625274417527691
CAMTC,7.974346698700917
CAMMC,7.9592046601446
CCGGC,6.807600222209719
CCGAC,7.092218123451848
CCGCC,7.135103830846134
CCGTC,7.110764108341383
CCGMC,7.134643203292019
CCAGC,7.167685385774036
CCAAC,7.490980915155221
CCACC,7.672621572209347
CCATC,7.590935212143029
CCAMC,7.670813550759327
CCCGC,7.022620816669308
CCCAC,7.530095792648596
CCCCC,7.1800400404001685
CCCTC,7.394770720785034
CCCMC,7.494085398136099
CCTGC,7.360045529305946
CCTAC,7.8578003047390546
CCTCC,7.546772255380985
CCTTC,8.110869929764208
CCTMC,7.8103063550166185
CCMGC,7.009468642756264
CCMAC,7.516465249818224
CCMCC,7.702056397878287
CCMTC,7.572215702943672
CCMMC,7.009028132821843
CTGGC,7.141487960981373
CTGAC,7.425344992658286
CTGCC,7.469969830487355
CTGTC,7.445043043413102
CTGMC,7.46646572467237
CTAGC,7.305754168741511
CTAAC,7.485370556917812
CTACC,7.99694733502258
CTATC,7.91210880104322
CTAMC,7.992052249003057
CTCGC,7.146971884189147
CTCAC,7.657946103834095
CTCCC,7.468139228643521
CTCTC,7.99982359681836
CTCMC,7.634219398494879
CTTGC,7.486092140951936
CTTAC,7.986802681789834
CTTCC,7.970365523718959
CTTTC,8.13744022301746
CTTMC,7.952592205145153
CTMGC,7.131211014623929
CTMAC,7.6415981696993756
CTMCC,7.575137219987724
CTMTC,7.875862366420815
CTMMC,7.467279774075531
CMGGC,6.792474325433145
CMGAC,7.076505162105773
CMGCC,7.119217064504343
CMGTC,7.0948773419995925
CMGMC,7.118930241945944
CMAGC,7.162600374112026
CMAAC,7.477143785796777
CMACC,7.6563000232588605
CMATC,7.5748746408055245
CMAMC,7.654600697461015
CMCGC,7.018035696959536
CMCAC,7.525184585982302
CMCCC,8.000838336360092
CMCTC,7.603339332305829
CMCMC,7.488043648639434
CMTGC,7.356329974813565
CMTAC,7.853867358942325
CMTCC,7.958232276517317
CMTTC,7.857328849289941
CMTMC,7.563753733770408
CMMGC,7.00477482739432
CMMAC,7.511336651847582
CMMCC,7.5014487811151405
CMMTC,7.548979597846246
CMMMC,6.98974865751131
TGGGC,6.707688452185887
TGGAC,7.268886915190232
TGGCC,7.292939815136583
TGGTC,7.2613147827421125
TGGMC,7.2976115672248065
TGAGC,7.422690722777506
TGAAC,7.564833928726242
TGACC,7.587061606098172
TGATC,7.549240921529788
TGAMC,7.590581292321114
TGCGC,7.292749674192871
TGCAC,7.615936465655938
TGCCC,7.610810201675831
TGCTC,7.5888222595678645
TGCMC,7.602350849164747
TGTGC,7.5556123032204745
TGTAC,7.577459825502814
TGTCC,7.617361307870461
TGTTC,7.553258338749713
TGTMC,7.621337299737008
TGMGC,7.071348193016675
TGMAC,7.609415266764318
TGMCC,7.64412142110134
TGMTC,7.577779429593571
TGMMC,7.484304367890944
TAGGC,7.021084318055622
TAGAC,7.303745697558622
TAGCC,7.34771890171346
TAGTC,7.321705158117469
TAGMC,7.345300671942588
TAAGC,7.259569494379154
TAAAC,7.651313031256335
TAACC,7.613180350192281
TAATC,7.56998945211993
TAAMC,7.611959933550577
TACGC,7.11311286459226
TACAC,7.619852275712937
TACCC,7.758830884241663
TACTC,8.11596978742711
TACMC,7.7507847913043655
TATGC,7.443102146333626
TATAC,8.044317829609591
TATCC,8.086422851637833
TATTC,8.01995064144298
TATMC,8.09065982111736
TAMGC,7.0984394917875955
TAMAC,7.604809229643117
TAMCC,7.754159132153439
TAMTC,8.103144240709403
TAMMC,8.087871443227186
TCGGC,6.856939923581497
TCGAC,7.1415142385149935
TCGCC,7.184443532217912
TCGTC,7.160190982330426
TCGMC,7.183590627886106
TCAGC,7.19130916505275
TCAAC,7.524716718036632
TCACC,7.7234867943832555
TCATC,7.641669675391042
TCAMC,7.721286496155545
TCCGC,7.045590801318537
TCCAC,7.554634884408587
TCCCC,7.2619387143202845
TCCTC,7.431862669431132
TCCMC,7.520803805327707
TCTGC,7.38310268657244
TCTAC,7.882470155424944
TCTCC,7.8933705816251365
TCTTC,8.168185925615699
TCTMC,7.837417038985917
TCMGC,7.032612972640023
TCMAC,7.541222273121378
TCMCC,7.757672527693119
TCMTC,7.627744660141238
TCMMC,7.058585765736782
TTGGC,7.191481456982636
TTGAC,7.4752949023509165
TTGCC,7.52000691279725
TTGTC,7.49512371203163
TTGMC,7.516066943895942
TTAGC,7.329595879563386
TTAAC,7.6503447350911165
TTACC,8.048292006591444
TTATC,7.963235541068923
TTAMC,8.043004643794232
TTCGC,7.1702033866901695
TTCAC,7.682746713445882
TTCCC,7.556096399463529
TTCTC,8.096236511513036
TTCMC,7.661155737229648
TTTGC,7.509410816070223
TTTAC,8.011734050327517
TTTCC,8.08569489636006
TTTTC,8.218467170764931
TTTMC,7.979964406966245
TTMGC,7.154573276050849
TTMAC,7.666616710854323
TTMCC,7.631668662283834
TTMTC,7.932045118247866
TTMMC,7.636830514655228
TMGGC,6.840767955397748
TMGAC,7.124755205761744
TMGCC,7.1675106944689455
TMGTC,7.1432145582728275
TMGMC,7.166831595132855
TMAGC,7.185701117687152
TMAAC,7.510007862505541
TMACC,7.7060755877169616
TMATC,7.624475860029096
TMAMC,7.7039839851414245
TMCGC,7.040482645905177
TMCAC,7.5492006420387066
TMCCC,7.831374768397659
TMCTC,7.7313087344503
TMCMC,7.514239020127454
TMTGC,7.3789512689937355
TMTAC,7.87810134654189
TMTCC,8.080884149008645
TMTTC,7.979326927151785
TMTMC,7.594438495047557
TMMGC,7.027439707883121
TMMAC,7.53561422575578
TMMCC,7.732412630557766
TMMTC,7.6036804151798
TMMMC,7.038129460093177
MGGGC,6.843198285723747
MGGAC,7.127841620456068
MGGCC,7.1516765888592575
MGGTC,7.120138729082051
MGGMC,7.15652268618201
MGAGC,7.281863359586502
MGAAC,7.423875806609342
MGACC,7.445885552438111
MGATC,7.4081956267956235
MGAMC,7.4495795838955825
MGCGC,7.265944094383999
MGCAC,7.474106617366392
MGCCC,7.468849594460388
MGCTC,7.446992411278319
MGCMC,7.460608173492465
MGTGC,7.277270136294524
MGTAC,7.435847908756429
MGTCC,7.47561863219818
MGTTC,7.4116464220033285
MGTMC,7.4798125556078885
MGMGC,7.044455440590538
MGMAC,7.468936594042373
MGMCC,7.503468403144866
MGMTC,7.437300756871626
MGMMC,7.3438256951689995
MAGGC,6.964117012673189
MAGAC,7.246778392176189
MAGCC,7.290577251096498
MAGTC,7.264563507500506
MAGMC,7.288638470720581
MAAGC,7.232066533632165
MAAAC,7.536855384787882
MAACC,7.667663235982673
MAATC,7.626041445021084
MAAMC,7.66910158416754
MACGC,7.086699561561078
MACAC,7.591869865570992
MACCC,7.621446839432613
MACTC,7.978542156309428
MACMC,7.613575091729844
MATGC,7.416645256993812
MATAC,7.911161656737876
MATCC,7.950389982396384
MATTC,7.884004944818796
MATMC,7.954844883419073
MAMGC,7.071939016139149
MAMAC,7.576652474266643
MAMCC,7.618039090294726
MAMTC,7.967154957776586
MAMMC,7.952012919220268
MCGGC,6.805551665704
MCGAC,7.0900823943288644
MCGCC,7.132968101723151
MCGTC,7.108628379218399
MCGMC,7.132507474169036
MCAGC,7.1666393143668605
MCAAC,7.489498980661723
MCACC,7.670355084160467
MCATC,7.588712310402782
MCAMC,7.668547062710447
MCCGC,7.0215311589535
MCCAC,7.528962548624156
MCCCC,7.562902175426405
MCCTC,7.454396790994037
MCCMC,7.49277780887713
MCTGC,7.359043044207403
MCTAC,7.856710647023246
MCTCC,7.566560439500055
MCTTC,7.911767671931802
MCTMC,7.809085938374913
MCMGC,7.008378985040457
MCMAC,7.5152884194851515
MCMCC,7.6993540467430845
MCMTC,7.569600524425733
MCMMC,7.0067180584643305
MTGGC,7.13974450863608
MTGAC,7.4235579540043615
MTGCC,7.46818279183343
MTGTC,7.443256004759177
MTGMC,7.464678686018445
MTAGC,7.304969615186129
MTAAC,7.484019381350211
MTACC,7.99507312375139
MTATC,7.91023458977203
MTAMC,7.9902216240405
MTCGC,7.146230916942398
MTCAC,7.657161550278714
MTCCC,7.692347200248139
MTCTC,8.24970390420741
MTCMC,7.6332169133963355
MTTGC,7.485394760013818
MTTAC,7.986018128234452
MTTCC,7.906991030967577
MTTTC,8.07070958450139
MTTMC,7.6864542046362505
MTMGC,7.130426461068548
MTMAC,7.640770029835362
MTMCC,7.572696386704314
MTMTC,7.8735522920633025
MTMMC,7.465013286026651
MMGGC,6.7904257689274266
MMGAC,7.072364462785703
MMGCC,7.117037749072727
MMGTC,7.092741612876609
MMGMC,7.116794512822961
MMAGC,7.161510716396219
MMAAC,7.475618264994646
MMACC,7.653946362592715
MMATC,7.572564566448012
MMAMC,7.652290623103502
MMCGC,7.016902452935096
MMCAC,7.5240077556492295
MMCCC,7.990551967522865
MMCTC,7.5932708950117656
MMCMC,7.319669738392809
MMTGC,7.355283903406389
MMTAC,7.8527777012265165
MMTCC,7.948425357075046
MMTTC,7.847739861390832
MMTMC,7.777326646068742
MMMGC,7.003641583369879
MMMAC,7.51015982151451
MMMCC,7.493210968783632
MMMTC,7.376770092439979
MMMMC,6.987394996845165
GGGGT,6.870503476798964
GGGAT,7.149792632156449
GGGCT,7.168287013672786
GGGTT,7.136189014749124
GGGMT,7.170439943920169
GGAGT,7.373654677884993
GGAAT,7.487518473113563
GGACT,7.500352577134651
GGATT,7.466940592603894
GGAMT,7.501179096282224
GGCGT,7.25143596927167
GGCAT,7.528796349237776
GGCCT,7.548060697861525
GGCTT,7.499225815975976
GGCMT,7.549321999617793
GGTGT,7.362512249800719
GGTAT,7.4890169819750065
GGTCT,7.515884083623978
GGTTT,7.46183613234459
GGTMT,7.516927994075898
GGMGT,7.240933462643004
GGMAT,7.525352036895837
GGMCT,7.547939663234275
GGMTT,7.492153661997733
GGMMT,7.549135855647003
GAGGT,7.053538636176403
GAGAT,7.363282240026853
GAGCT,7.386905132996192
GAGTT,7.358619585480824
GAGMT,7.382286151276435
GAAGT,7.344070100399785
GAAAT,7.723428815794906
GAACT,7.6318926421188085
GAATT,7.595853680333851
GAAMT,7.629746734976004
GACGT,7.128851476715503
GACAT,7.580269122790166
GACCT,7.987672871777928
GACTT,7.936709824112788
GACMT,7.989499174829975
GATGT,7.458428039121895
GATAT,7.528542958086913
GATCT,7.916225058847337
GATTT,7.860504707193149
GATMT,7.91766016559932
GAMGT,7.11404734498494
GAMAT,7.572373691097233
GAMCT,7.986291075633225
GAMTT,7.928051361899383
GAMMT,7.987813355002472
GCGGT,6.888130778990754
GCGAT,7.169102556994554
GCGCT,7.2009003139071135
GCGTT,7.172370989903163
GCGMT,7.194489971622921
GCAGT,7.206225039700115
GCAAT,7.654869023116162
GCACT,7.688083972382211
GCATT,7.624761494459255
GCAMT,7.683442927388731
GCCGT,7.061134085411154
GCCAT,7.5361254415901335
GCCCT,7.423808215344458
GCCTT,7.853165784877284
GCCMT,7.31654345367688
GCTGT,7.398255314603807
GCTAT,7.732141755610858
GCTCT,7.554004298915122
GCTTT,7.610312363028237
GCTMT,7.698593869318989
GCMGT,7.04798191149811
GCMAT,7.522690226790387
GCMCT,7.6847615155922275
GCMTT,7.616278090754474
GCMMT,7.2960457226798985
GTGGT,7.2193818162095615
GTGAT,7.499527615304602
GTGCT,7.487647569057074
GTGTT,7.4583132489404615
GTGMT,7.482138579562644
GTAGT,7.342179616579515
GTAAT,7.544246908408435
GTACT,7.866809401089798
GTATT,7.800683979961669
GTAMT,7.859888448594734
GTCGT,7.183479642495092
GTCAT,7.62930365461685
GTCCT,7.491158915263614
GTCTT,7.926318887365645
GTCMT,7.613675877968064
GTTGT,7.522100547544458
GTTAT,7.793782843267434
GTTCT,7.683555512363213
GTTTT,7.716095424650762
GTTMT,7.767831227135022
GTMGT,7.16756649096907
GTMAT,7.427495437012825
GTMCT,7.896277354361656
GTMTT,7.785966286441306
GTMMT,7.601573643651534
GMGGT,6.8709778487433715
GMGAT,7.1513625621776695
GMGCT,7.046953644853065
GMGTT,7.154500776399196
GMGMT,7.176837149423301
GMAGT,7.200202652283104
GMAAT,7.641140589409891
GMACT,7.674508360875561
GMATT,7.610727416353745
GMAMT,7.6699975345691636
GMCGT,7.055546480602838
GMCAT,7.530233272860206
GMCCT,7.535673436724067
GMCTT,7.5541771964684905
GMCMT,7.309629437768755
GMTGT,7.39349368870425
GMTAT,7.7245475598890145
GMTCT,7.922743189341355
GMTTT,7.505399601030169
GMTMT,7.690610098013523
GMMGT,7.04230713407253
GMMAT,7.516580666756111
GMMCT,7.591222315387323
GMMTT,7.600341341755926
GMMMT,7.035704078434142
AGGGT,6.852197227173392
AGGAT,7.189892036098176
AGGCT,7.208822280700836
AGGTT,7.175765382987264
AGGMT,7.2113674877259095
AGAGT,7.462134884408588
AGAAT,7.485034053521521
AGACT,7.502008856862679
AGATT,7.462799893283825
AGAMT,7.503401998022472
AGCGT,7.267388558231096
AGCAT,7.534811259829035
AGCCT,7.5600469327354105
AGCTT,7.500969268321268
AGCMT,7.5619620291211636
AGTGT,7.27150403737645
AGTAT,7.49472678840584
AGTCT,7.529700943460422
AGTTT,7.463797516233044
AGTMT,7.531398648541826
AGMGT,7.249258447591775
AGMAT,7.5279236291051435
AGMCT,7.557572237442017
AGMTT,7.489451310862529
AGMMT,7.5593786381755965
AAGGT,6.977262596069855
AAGAT,7.256103507099995
AAGCT,7.2883564891785335
AAGTT,7.258458248243769
AAGMT,7.280860811089043
AAAGT,7.23449412049815
AAAAT,7.608404547314231
AAACT,7.715665527310113
AAATT,7.6733065507734715
AAAMT,7.714173414796794
AACGT,7.089928903106847
AACAT,7.56130907853511
AACCT,7.996520892430288
AACTT,7.944293841814811
AACMT,7.998565127025496
AATGT,7.419461879204607
AATAT,7.603293477391329
AATCT,7.923024522993977
AATTT,7.866476031475776
AATMT,7.924677561289122
AAMGT,7.0752119439935495
AAMAT,7.546352664843742
AAMCT,7.993395643940292
AAMTT,7.9334996504784225
AAMMT,7.995135854852701
ACGGT,6.817869649475465
ACGAT,7.09871066855337
ACGCT,7.129898217145075
ACGTT,7.101717583610184
ACGMT,7.124010910564471
ACAGT,7.168392123807267
ACAAT,7.486451526560905
ACACT,7.664590952029394
ACATT,7.579475319790283
ACAMT,7.657291142209343
ACCGT,7.0243908272341145
ACCAT,7.498423284623183
ACCCT,7.381355150736586
ACCTT,8.06756683703963
ACCMT,7.274090389069007
ACTGT,7.36138129750087
ACTAT,7.8241960394423025
ACTCT,7.766138863028589
ACTTT,7.82349299854888
ACTMT,7.910772019741088
ACMGT,7.011325825938336
ACMAT,7.485075242440701
ACMCT,7.642439209910252
ACMTT,7.830940660768614
ACMMT,7.253723416997922
ATGGT,7.148859168842479
ATGAT,7.428830622702991
ATGCT,7.461757301729481
ATGTT,7.433033189933719
ATGMT,7.452761407544465
ATAGT,7.304695391155726
ATAAT,7.4791289633117595
ATACT,8.055886807936771
ATATT,7.749034204232379
ATAMT,7.81081026507475
ATCGT,7.147085074787111
ATCAT,7.624334815432766
ATCCT,7.679844045332897
ATCTT,8.116093675150736
ATCMT,7.80240459434598
ATTGT,7.485662393527844
ATTAT,7.951085831121451
ATTCT,7.871238157333952
ATTTT,7.904954899954574
ATTMT,7.955557458414393
ATMGT,7.1313462684956175
ATMAT,7.608247858911027
ATMCT,8.085049657048204
ATMTT,7.975915419460926
ATMMT,7.790345946338081
AMGGT,6.802111481104317
AMGAT,7.082365435612719
AMGCT,7.11337917920871
AMGTT,7.085198545673818
AMGMT,7.1077092639324535
AMAGT,7.163067117328373
AMAAT,7.472156470842414
AMACT,7.647615608449423
AMATT,7.5627824768582
AMAMT,7.640489603625087
AMCGT,7.019457017055283
AMCAT,7.493272083140004
AMCCT,7.468201830961246
AMCTT,7.7680552129272495
AMCMT,7.267960926716264
AMTGT,7.357360638848062
AMTAT,7.82000157579378
AMTCT,8.134180372516704
AMTTT,7.717839269304063
AMTMT,7.902134453806138
AMMGT,7.006392015759505
AMMAT,7.479750235961807
AMMCT,7.85404775644017
AMMTT,7.814350117140582
AMMMT,6.994122739998915
CGGGT,6.834457599560041
CGGAT,7.122769120804414
CGGCT,7.141742951715707
CGGTT,7.10859888138487
CGGMT,7.144331745049413
CGAGT,7.278549352449287
CGAAT,7.418739278091773
CGACT,7.4357140814329306
CGATT,7.396417945236813
CGAMT,7.437194395209988
CGCGT,7.254661356110461
CGCAT,7.468080621312964
CGCCT,7.493403466836604
CGCTT,7.4341950434965645
CGCMT,7.495405735839622
CGTGT,7.27150403737645
CGTAT,7.428649944519253
CGTCT,7.463711272191099
CGTTT,7.397677086037826
CGTMT,7.465452563581136
CGMGT,7.236400486545244
CGMAT,7.461890371527189
CGMCT,7.491538979864062
CGMTT,7.423374466975943
CGMMT,7.493476139523539
CAGGT,6.949585290088336
CAGAT,7.228644132661639
CAGCT,7.2608971147401755
CAGTT,7.230868114879514
CAGMT,7.253575781885215
CAAGT,7.2205900880444425
CAAAT,7.518878269383461
CAACT,7.65586511186658
CAATT,7.613288203786777
CAAMT,7.654460171970525
CACGT,7.076329974813565
CACAT,7.54736145977277
CACCT,8.029864418534007
CACTT,7.967525344315834
CACMT,8.032475275141437
CATGT,7.405906537219958
CATAT,7.401532454732353
CATCT,7.9401975285951085
CATTT,7.871880733746183
CATMT,7.942373602593841
CAMGT,7.061569429391636
CAMAT,7.532274287155505
CAMCT,8.026608411118113
CAMTT,7.95494411432552
CAMMT,8.028871657734111
CCGGT,6.790671792888903
CCGAT,7.071643570892703
CCGCT,7.102874705793042
CCGTT,7.074563313332253
CCGMT,7.097205330755599
CCAGT,7.154923954439883
CCAAT,7.469104175725244
CCACT,7.638439166850007
CCATT,7.553367120919527
CCAMT,7.631357288573117
CCCGT,7.010966244175362
CCCAT,7.484519252169475
CCCCT,7.234992326349279
CCCTT,7.689455609654316
CCCMT,7.418884106345551
CCTGT,7.34800030075075
CCTAT,7.810335593297228
CCTCT,7.484527722955215
CCTTT,7.751401244071034
CCTMT,7.726445520535037
CCMGT,6.997814070262318
CCMAT,7.471084037369729
CCMCT,7.6526384061302135
CCMTT,7.515245027344772
CCMMT,7.197715010405401
CTGGT,7.124494422317016
CTGAT,7.404640221412057
CTGCT,7.43761048674718
CTGTT,7.408712029716889
CTGMT,7.428832524105325
CTAGT,7.293057846750899
CTAAT,7.461214990463879
CTACT,7.962830039006783
CTATT,7.874475600476176
CTAMT,7.952465768129766
CTCGT,7.135447530382284
CTCAT,7.612174235324351
CTCCT,7.456159109431866
CTCTT,7.862377772602042
CTCMT,7.558887888017248
CTTGT,7.474112021740281
CTTAT,7.939012423630301
CTTCT,7.92075220394026
CTTTT,7.726730483957047
CTTMT,7.868210495915239
CTMGT,7.119621551473525
CTMAT,7.595956519876714
CTMCT,7.970025388567529
CTMTT,7.817915050668792
CTMMT,7.392664466376858
CMGGT,6.775611005455871
CMGAT,7.055995718890169
CMGCT,7.087053048794793
CMGTT,7.058741656334004
CMGMT,7.081557478753066
CMAGT,7.149904052121414
CMAAT,7.455332155710341
CMACT,7.62211761789952
CMATT,7.537371658925562
CMAMT,7.615209544618346
CMCGT,7.006381124465589
CMCAT,7.479673154846723
CMCCT,7.572939730604694
CMCTT,7.571045097909195
CMCMT,7.412972575535969
CMTGT,7.344284746258369
CMTAT,7.806402647500499
CMTCT,7.93433714743755
CMTTT,7.492846744144064
CMTMT,7.4800882273194516
CMMGT,6.993185364243914
CMMAT,7.4660205487426285
CMMCT,7.452356336084774
CMMTT,7.492334468965054
CMMMT,6.9334941846913685
TGGGT,6.692322647110069
TGGAT,7.257102124009203
TGGCT,7.276206713846392
TGGTT,7.243019057206923
TGGMT,7.278664748254201
TGAGT,7.412533665185016
TGAAT,7.552723590827504
TGACT,7.5698727394031895
TGATT,7.530489430589807
TGAMT,7.571178707945718
TGCGT,7.280769554981216
TGCAT,7.602849487604076
TGCCT,7.62825950574498
TGCTT,7.568963909787676
TGCMT,7.630087429513469
TGTGT,7.5429159812298625
TGTAT,7.563200879267203
TGTCT,7.598349379556314
TGTTT,7.532228020785776
TGTMT,7.599916325711821
TGMGT,7.262639444341896
TGMAT,7.5953516485593315
TGMCT,7.625174602130734
TGMTT,7.556879330316717
TGMMT,7.626893830247049
TAGGT,7.00428610742189
TAGAT,7.283301363686559
TAGCT,7.315685104690993
TAGTT,7.285699691138964
TAGMT,7.3079279087497095
TAAGT,7.247003391075625
TAAAT,7.6297618385440655
TAACT,7.5941033125345925
TAATT,7.550000883652658
TAAMT,7.5900831941205995
TACGT,7.101653620128939
TACAT,7.574210625890275
TACCT,8.159969549801461
TACTT,8.09767406189192
TACMT,8.16240606117436
TATGT,7.431317355152596
TATAT,7.670459978993724
TATCT,8.069038656912225
TATTT,8.000678275754668
TATMT,8.070996799367796
TAMGT,7.0869802473242745
TAMAT,7.559297798507539
TAMCT,8.155493125743863
TAMTT,8.083741656334006
TAMMT,8.157538440816698
TCGGT,6.840011494260681
TCGAT,7.1209396859558485
TCGCT,7.15221440716482
TCGTT,7.123990187321296
TCGMT,7.146152755349686
TCAGT,7.178547733718596
TCAAT,7.502839978606654
TCACT,7.689304389023915
TCATT,7.604101584167539
TCAMT,7.681830233969335
TCCGT,7.033936228824591
TCCAT,7.509058343929467
TCCCT,7.316891000269395
TCCTT,7.726547558300414
TCCMT,7.445602513537159
TCTGT,7.371057458017244
TCTAT,7.835005443983117
TCTCT,7.8311260491993675
TCTTT,7.808717239922525
TCTMT,7.753556204504336
TCMGT,7.0209584001460765
TCMAT,7.495841060672883
TCMCT,7.708254535945045
TCMTT,7.570773984542338
TCMMT,7.24727264332034
TTGGT,7.174487918318279
TTGAT,7.454590131104688
TTGCT,7.487647569057074
TTGTT,7.458792698335417
TTGMT,7.478433743328898
TTAGT,7.316899557572774
TTAAT,7.626189168637183
TTACT,8.014174710575647
TTATT,7.925602340501879
TTAMT,8.00341816292094
TTCGT,7.158679032883306
TTCAT,7.636974844936137
TTCCT,7.544116280251874
TTCTT,7.958790687296719
TTCMT,7.585824226752017
TTTGT,7.497430696858569
TTTAT,7.963943792167983
TTTCT,8.03608157658136
TTTTT,7.807757431704516
TTTMT,7.895582697736331
TTMGT,7.142983812900445
TTMAT,7.620975061031662
TTMCT,8.026556830863639
TTMTT,7.874097802495843
TTMMT,7.562215206956555
TMGGT,6.823904635420474
TMGAT,7.10424576254614
TMGCT,7.1353466787593955
TMGTT,7.107078872607239
TMGMT,7.129458831939977
TMAGT,7.17300479569654
TMAAT,7.488196232419105
TMACT,7.671893182357621
TMATT,7.586972878149134
TMAMT,7.664592832298756
TMCGT,7.028828073411231
TMCAT,7.5036892109031275
TMCCT,7.403476162642262
TMCTT,7.699014500053666
TMCMT,7.439167947023989
TMTGT,7.36690604043854
TMTAT,7.830636635100064
TMTCT,8.056989019928878
TMTTT,7.6148448220059075
TMTMT,7.5107729885966
TMMGT,7.015850244732716
TMMAT,7.4902981226508265
TMMCT,7.6833201855274
TMMTT,7.547035286298607
TMMMT,6.981874987273236
MGGGT,6.827832480647929
MGGAT,7.116056829275038
MGGCT,7.134943487569067
MGGTT,7.101843003546861
MGGMT,7.137575867211404
MGAGT,7.271706301994013
MGAAT,7.411765468710604
MGACT,7.4286966857431285
MGATT,7.389444135855642
MGAMT,7.430176999520186
MGCGT,7.2539639751723435
MGCAT,7.46101963931453
MGCCT,7.486298898529537
MGCTT,7.427134061498131
MGCMT,7.488344753841187
MGTGT,7.264573814303912
MGTAT,7.4215889625208185
MGTCT,7.456606703884033
MGTTT,7.390616104039391
MGTMT,7.458391581582702
MGMGT,7.235746691915759
MGMAT,7.454872975837387
MGMCT,7.48452158417426
MGMTT,7.416400657594773
MGMMT,7.486415157525104
MAGGT,6.947318802039456
MAGAT,7.2263340583041265
MAGCT,7.258543454074031
MAGTT,7.228558040522001
MAGMT,7.251265707527702
MAAGT,7.219500430328635
MAAAT,7.515304192075612
MAACT,7.648586198324984
MAATT,7.606052876553813
MAAMT,7.647224844737562
MACGT,7.075240317097757
MACAT,7.54622821574833
MACCT,8.022585504992412
MACTT,7.960246430774237
MACMT,8.02519636159984
MATGT,7.404860465812782
MATAT,7.537303806122008
MATCT,7.933005787670777
MATTT,7.864732579130483
MATMT,7.935181861669509
MAMGT,7.060479771675828
MAMAT,7.531141043131065
MAMCT,8.01937308388515
MAMTT,7.947752373401189
MAMMT,8.021679916809779
MCGGT,6.7886232363831835
MCGAT,7.0695078417697195
MCGCT,7.100738976670058
MCGTT,7.07242758420927
MCGMT,7.095069601632615
MCAGT,7.153877883032707
MCAAT,7.467622241231745
MCACT,7.636172678801127
MCATT,7.551144219179279
MCAMT,7.629090800524237
MCCGT,7.009876586459554
MCCAT,7.483386008145035
MCCCT,7.617854461375516
MCCTT,7.74908167986332
MCCMT,7.417576517086582
MCTGT,7.346997815652207
MCTAT,7.809245935581419
MCTCT,7.504315907074285
MCTTT,7.552298986238628
MCTMT,7.725225103893332
MCMGT,6.99672441254651
MCMAT,7.469907207036656
MCMCT,7.649936054995011
MCMTT,7.512629848826833
MCMMT,7.195404936047888
MTGGT,7.122750969971723
MTGAT,7.4028531827581325
MTGCT,7.435823448093254
MTGTT,7.406924991062964
MTGMT,7.4270454854514005
MTAGT,7.292273293195517
MTAAT,7.459863814896278
MTACT,7.960955827735593
MTATT,7.872601389204986
MTAMT,7.950635143167209
MTCGT,7.134706563135534
MTCAT,7.611389681768969
MTCCT,7.680367081036484
MTCTT,8.112258079991092
MTCMT,7.557885402918704
MTTGT,7.473414640802164
MTTAT,7.938227870074918
MTTCT,7.857377711188877
MTTTT,7.659999845440975
MTTMT,7.602072495406336
MTMGT,7.118836997918144
MTMAT,7.5951283800127
MTMCT,7.96758455528412
MTMTT,7.815604976311279
MTMMT,7.390397978327978
MMGGT,6.773562448950153
MMGAT,7.051855019570099
MMGCT,7.084873733363177
MMGTT,7.056605927211021
MMGMT,7.079421749630082
MMAGT,7.148814394405607
MMAAT,7.45380663490821
MMACT,7.619763957233375
MMATT,7.53506158456805
MMAMT,7.6128994702608335
MMCGT,7.005247880441149
MMCAT,7.47849632451365
MMCCT,7.5626533617674685
MMCTT,7.560976660615132
MMCMT,7.244598665289344
MMTGT,7.343238674851193
MMTAT,7.8053129897846905
MMTCT,7.924530227995279
MMTTT,7.483257756244955
MMTMT,7.693661139617785
MMMGT,6.992052120219474
MMMAT,7.464843718409556
MMMCT,7.444118523753266
MMMTT,7.320124963558786
MMMMT,6.931140524025223
GGGGM,6.88743190611978
GGGAM,7.1622285167728945
GGGCM,7.185931645772559
GGGTM,7.155266052406812
GGGMM,7.190298293700357
GGAGM,7.385179031691855
GGAAM,7.500605451165425
GGACM,7.5187134120133825
GGATM,7.486668723696999
GGAMM,7.521688539497827
GGCGM,7.260551277367494
GGCAM,7.5431204048169285
GGCCM,7.229545789256017
GGCTM,7.520321243283454
GGCMM,7.218696753113548
GGTGM,7.376510758662163
GGTAM,7.504122349676658
GGTCM,7.53593776143479
GGTTM,7.48377798111811
GGTMM,7.53939071759775
GGMGM,7.250178989425911
GGMAM,7.540652732628113
GGMCM,7.227276146291894
GGMTM,7.514290838801878
GGMMM,7.216296891462342
GAGGM,7.072485455147008
GAGAM,7.385224088800372
GAGCM,7.4208271009813656
GAGTM,7.396383004734952
GAGMM,7.421481976088478
GAAGM,7.353706283243942
GAAAM,7.746933288813423
GAACM,7.652467194677954
GAATM,7.617144435671954
GAAMM,7.6530558799638975
GACGM,7.138227222185493
GACAM,7.623176180184081
GACCM,7.285468601681771
GACTM,7.956307736518809
GACMM,7.274989238804456
GATGM,7.466306269690428
GATAM,7.5474897770575184
GATCM,7.934716112413151
GATTM,7.8807537130345855
GATMM,7.938364936845549
GAMGM,7.123553309142014
GAMAM,7.615215639147605
GAMCM,7.283891477506442
GAMTM,7.948821242489154
GAMMM,7.27317320028987
GCGGM,6.907272925991983
GCGAM,7.191304843142239
GCGCM,7.235147828609995
GCGTM,7.210394846531458
GCGMM,7.233946233809131
GCAGM,7.216316987949063
GCAAM,7.67882926153947
GCACM,7.724610314109049
GCATM,7.66441308467609
GCAMM,7.7251129072553555
GCCGM,7.071030705629477
GCCAM,7.579292936358215
GCCCM,7.502720739716877
GCCTM,7.705107137663685
GCCMM,6.989954986472214
GCTGM,7.4067195292642145
GCTAM,7.775309250378939
GCTCM,7.587730938869671
GCTTM,7.766314350153912
GCTMM,7.361262360429959
GCMGM,7.057943641059975
GCMAM,7.565727502871385
GCMCM,7.493274936236381
GCMTM,7.34268862919267
GCMMM,6.971866301186272
GTGGM,7.238393744523709
GTGAM,7.5215996827652045
GTGCM,7.521764865072873
GTGTM,7.496206886881673
GTGMM,7.52146462306177
GTAGM,7.351555362049506
GTAAM,7.566579413243203
GTACM,7.903010196098927
GTATM,7.840075132804337
GTAMM,7.901363100430732
GTCGM,7.192660059934458
GTCAM,7.672080493323681
GTCCM,7.554575415873132
GTCTM,7.733139465077718
GTCMM,7.278167430698199
GTTGM,7.529848559425908
GTTAM,7.836689900661349
GTTCM,7.613497858712452
GTTTM,7.791947809876726
GTTMM,7.5998491207976935
GTMGM,7.176877127095518
GTMAM,7.470207166376115
GTMCM,7.552760457836174
GTMTM,7.37597275015985
GTMMM,7.267953367344374
GMGGM,6.890119995744602
GMGAM,7.173499738981813
GMGCM,7.081201159555947
GMGTM,7.192524633027491
GMGMM,7.216163192922428
GMAGM,7.210294600532052
GMAAM,7.6651008278332
GMACM,7.711034702602399
GMATM,7.650313897227038
GMAMM,7.711667514435788
GMCGM,7.065443100821161
GMCAM,7.573335658284746
GMCCM,7.5235630988253295
GMCTM,7.701714968933756
GMCMM,6.983496735968879
GMTGM,7.401957903364658
GMTAM,7.767780164000637
GMTCM,7.581700447870452
GMTTM,7.3635263414530225
GMTMM,7.353343698468034
GMMGM,7.052268863634395
GMMAM,7.559617942837109
GMMCM,7.163258600288384
GMMTM,7.660111719127116
GMMMM,6.96525576872213
AGGGM,6.869125656494209
AGGAM,7.202327920714622
AGGCM,7.22646691280061
AGGTM,7.194842420644953
AGGMM,7.231225837506098
AGAGM,7.4736592382154505
AGAAM,7.498121031573383
AGACM,7.5203696917414105
AGATM,7.48252802437693
AGAMM,7.523911441238075
AGCGM,7.27650386632692
AGCAM,7.549135315408187
AGCCM,7.241532024129903
AGCTM,7.522064695628746
AGCMM,7.231336782616919
AGTGM,7.285502546237893
AGTAM,7.509832156107492
AGTCM,7.5497546212712345
AGTTM,7.485739365006564
AGTMM,7.553861372063678
AGMGM,7.258503974374682
AGMAM,7.54322432483742
AGMCM,7.236908720499636
AGMTM,7.511588487666674
AGMMM,7.226539673990936
AAGGM,6.996209415040461
AAGAM,7.278045355873514
AAGCM,7.322278457163707
AAGTM,7.296221667497897
AAGMM,7.320056635901086
AAAGM,7.244130303342307
AAAAM,7.631909020332749
AAACM,7.736240079869259
AAATM,7.694597306111574
AAAMM,7.737482559784687
AACGM,7.099304648576837
AACAM,7.604216135929025
AACCM,7.294316622334131
AACTM,7.963891754220832
AACMM,7.284055190999977
AATGM,7.42734010977314
AATAM,7.622240296361935
AATCM,7.941515576559791
AATTM,7.886725037317213
AATMM,7.945382332535351
AAMGM,7.084717908150623
AAMAM,7.589194612894114
AAMCM,7.290996045813509
AAMTM,7.954269531068193
AAMMM,7.280495700140099
ACGGM,6.837011796476695
ACGAM,7.120912954701055
ACGCM,7.164145731847957
ACGTM,7.139741440238479
ACGMM,7.163467172750681
ACAGM,7.178484072056215
ACAAM,7.510411764984213
ACACM,7.701117293756233
ACATM,7.619126910007117
ACAMM,7.698961122075968
ACCGM,7.034287447452438
ACCAM,7.541590779391264
ACCCM,7.460267675109005
ACCTM,7.919508189826031
ACCMM,6.947501921864341
ACTGM,7.369845512161278
ACTAM,7.867363534210384
ACTCM,7.799865502983138
ACTTM,7.979494985674554
ACTMM,7.573440510852057
ACMGM,7.021287555500201
ACMAM,7.5281125185216995
ACMCM,7.450952630554406
ACMTM,7.557351199206811
ACMMM,6.929543995504296
ATGGM,7.167871097156627
ATGAM,7.450902690163593
ATGCM,7.49587459774528
ATGTM,7.470926827874931
ATGMM,7.492087451043591
ATAGM,7.314071136625717
ATAAM,7.501461468146528
ATACM,8.0920876029459
ATATM,7.788425357075047
ATAMM,7.852284916910748
ATCGM,7.156265492226478
ATCAM,7.667111654139597
ATCCM,7.743260545942415
ATCTM,7.922914252862809
ATCMM,7.466896147076114
ATTGM,7.493410405409294
ATTAM,7.993992888515366
ATTCM,7.801180503683191
ATTTM,7.980807285180538
ATTMM,7.787575352077065
ATMGM,7.140656904622066
ATMAM,7.650959588274317
ATMCM,7.741532760522721
ATMTM,7.5659218831794695
ATMMM,7.456725670030921
AMGGM,6.821253628105548
AMGAM,7.104502612416862
AMGCM,7.147626693911592
AMGTM,7.123222402302113
AMGMM,7.14703530743158
AMAGM,7.1731590655773205
AMAAM,7.496116709265723
AMACM,7.684141950176262
AMATM,7.6023689577314935
AMAMM,7.682159583491711
AMCGM,7.029353637273606
AMCAM,7.536374468564544
AMCCM,7.456091493062509
AMCTM,7.915592985392515
AMCMM,6.941828224916389
AMTGM,7.36582485350847
AMTAM,7.863234179905403
AMTCM,7.793137631045803
AMTTM,7.575966009726916
AMTMM,7.564868054260649
AMMGM,7.01635374532137
AMMAM,7.522787512042805
AMMCM,7.426084041341231
AMMTM,7.8741204945117715
AMMMM,6.923674430286904
CGGGM,6.8513860288808575
CGGAM,7.13520500542086
CGGCM,7.15938758381548
CGGTM,7.1276759190425585
CGGMM,7.164190094829601
CGAGM,7.290073706256149
CGAAM,7.431826256143635
CGACM,7.454074916311662
CGATM,7.416146076329918
CGAMM,7.457703838425592
CGCGM,7.263776664206285
CGCAM,7.482404676892116
CGCCM,7.174888558231096
CGCTM,7.455290470804043
CGCMM,7.164780489335377
CGTGM,7.285502546237893
CGTAM,7.443755312220905
CGTCM,7.483764950001912
CGTTM,7.4196189348113455
CGTMM,7.487915287102989
CGMGM,7.245646013328151
CGMAM,7.477191067259465
CGMCM,7.170875462921681
CGMTM,7.445511643780088
CGMMM,7.160637175338878
CAGGM,6.968532109058942
CAGAM,7.250585981435158
CAGCM,7.294819082725349
CAGTM,7.268631534133642
CAGMM,7.292771606697258
CAAGM,7.2302262708886
CAAAM,7.542382742401979
CAACM,7.676439664425726
CAATM,7.634578959124879
CAAMM,7.677769316958418
CACGM,7.085705720283555
CACAM,7.590268517166685
CACCM,7.32766014843785
CACTM,7.987123256721855
CACMM,7.317965339115917
CATGM,7.413784767788491
CATAM,7.420479273702958
CATCM,7.958688582160923
CATTM,7.892129739587619
CATMM,7.96307837384007
CAMGM,7.071075393548709
CAMAM,7.575116235205877
CAMCM,7.324208812991332
CAMTM,7.97571399491529
CAMMM,7.314231503021509
CCGGM,6.809813939890132
CCGAM,7.093845857040388
CCGCM,7.1371222204959235
CCGTM,7.112587169960548
CCGMM,7.136661592941809
CCAGM,7.165015902688831
CCAAM,7.493064414148552
CCACM,7.674965508576845
CCATM,7.593018711136361
CCAMM,7.673027268439742
CCCGM,7.020862864393685
CCCAM,7.527686746937556
CCCCM,7.313904850721698
CCCTM,7.541396962440717
CCCMM,7.092295639140885
CCTGM,7.356464515411158
CCTAM,7.853503088065309
CCTCM,7.518254362909764
CCTTM,7.907403231196708
CCTMM,7.389114011646007
CCMGM,7.0077757998241825
CCMAM,7.514121313450727
CCMCM,7.461151826774367
CCMTM,7.241655565782969
CCMMM,6.873535588911774
CTGGM,7.143506350631164
CTGAM,7.426712288872659
CTGCM,7.471727782762978
CTGTM,7.4466056676581
CTGMM,7.468158567604451
CTAGM,7.30243359222089
CTAAM,7.483547495298647
CTACM,7.999030834015913
CTATM,7.913866753318843
CTAMM,7.993940419965765
CTCGM,7.14462794782165
CTCAM,7.654951074031182
CTCCM,7.519575610041384
CTCTM,7.669198350314115
CTCMM,7.223379440747382
CTTGM,7.481860033621731
CTTAM,7.981919481024216
CTTCM,7.850694550289498
CTTTM,7.802582869183011
CTTMM,7.7002283895779104
CTMGM,7.128932187599974
CTMAM,7.638668249240004
CTMCM,7.6265084920420465
CTMTM,7.407921514387335
CTMMM,7.059044190069698
CMGGM,6.794753152457101
CMGAM,7.078132895694313
CMGCM,7.121300563497675
CMGTM,7.096765512962299
CMGMM,7.120883522252193
CMAGM,7.159996000370362
CMAAM,7.47929239413365
CMACM,7.6586439596263585
CMATM,7.5769581397988555
CMAMM,7.65687952448497
CMCGM,7.016277744683912
CMCAM,7.522775540271263
CMCCM,7.560829392705957
CMCTM,7.718582870374461
CMCMM,7.086839873736094
CMTGM,7.352748960918777
CMTAM,7.8496352516121215
CMTCM,7.593294405966648
CMTTM,7.350973484566917
CMTMM,7.142821827773963
CMMGM,7.003147093805779
CMMAM,7.509057824823627
CMMCM,7.024392620985836
CMMTM,7.552104846336244
CMMMM,6.863045874979357
TGGGM,6.709251076430886
TGGAM,7.2695380086256485
TGGCM,7.293851345946165
TGGTM,7.262096094864612
TGGMM,7.298523098034389
TGAGM,7.424058018991879
TGAAM,7.565810568879366
TGACM,7.588233574281921
TGATM,7.550217561682912
TGAMM,7.591688151161321
TGCGM,7.28988486307704
TGCAM,7.617173543183228
TGCCM,7.309744597139472
TGCTM,7.590059337095155
TGCMM,7.299462183009224
TGTGM,7.556914490091306
TGTAM,7.578306246968855
TGTCM,7.618403057367127
TGTTM,7.554169869559296
TGTMM,7.622379049233674
TGMGM,7.271884971124803
TGMAM,7.610652344291608
TGMCM,7.304511085188353
TGMTM,7.579016507120862
TGMMM,7.294054866062388
TAGGM,7.023232926392495
TAGAM,7.305243212460078
TAGCM,7.349607072676166
TAGTM,7.323463110393092
TAGMM,7.3471237335617525
TAAGM,7.256639573919782
TAAAM,7.653266311562583
TAACM,7.614677865093738
TAATM,7.571291638990761
TAAMM,7.613392339108493
TACGM,7.111029365598929
TACAM,7.61711768328419
TACCM,7.457765279705304
TACTM,8.11727197429794
TACMM,7.447896125148842
TATGM,7.439195585721129
TATAM,7.689406797964329
TATCM,8.087529710478039
TATTM,8.020927281596103
TATMM,8.091701570614026
TAMGM,7.096486211481348
TAMAM,7.602139746557912
TAMCM,7.45309352761708
TAMTM,8.104511536923775
TAMMM,7.442898286104096
TCGGM,6.85915364126191
TCGAM,7.143141972103534
TCGCM,7.186461921867702
TCGTM,7.162014043949592
TCGMM,7.185609017535896
TCAGM,7.188639681967544
TCAAM,7.526800217029963
TCACM,7.725830730750753
TCATM,7.643753174384374
TCAMM,7.72350021383596
TCCGM,7.043832849042914
TCCAM,7.552225838697548
TCCCM,7.395803524641814
TCCTM,7.578488911086815
TCCMM,7.1190140463324925
TCTGM,7.379521672677652
TCTAM,7.878172938751198
TCTCM,7.864852689153917
TCTTM,7.9647192270481995
TCTMM,7.4162246956153055
TCMGM,7.030920129707941
TCMAM,7.538878336753881
TCMCM,7.516767956589199
TCMTM,7.297184522980535
TCMMM,6.923093221826713
TTGGM,7.1934998466324265
TTGAM,7.47666219856529
TTGCM,7.521764865072873
TTGTM,7.496686336276628
TTGMM,7.517759786828024
TTAGM,7.326275303042765
TTAAM,7.648521673471952
TTACM,8.050375505584777
TTATM,7.964993493344546
TTAMM,8.044892814756938
TTCGM,7.1678594503226725
TTCAM,7.6797516836429685
TTCCM,7.607532780861392
TTCTM,7.765611265008792
TTCMM,7.250315779482151
TTTGM,7.505178708740019
TTTAM,8.006850849561898
TTTCM,7.9660239229305985
TTTTM,7.8836098169304805
TTTMM,7.7276005913990025
TTMGM,7.152294449026893
TTMAM,7.6636867903949515
TTMCM,7.683039934338157
TTMTM,7.464104266214386
TTMMM,7.228594930649395
TMGGM,6.843046782421704
TMGAM,7.126382939350283
TMGCM,7.169594193462277
TMGTM,7.145102729235534
TMGMM,7.168784875439104
TMAGM,7.183096743945488
TMAAM,7.512156470842414
TMACM,7.7084195240844595
TMATM,7.626559359022427
TMAMM,7.70626281216538
TMCGM,7.038724693629554
TMCAM,7.546791596327667
TMCCM,7.3913658247435245
TMCTM,7.846552272518932
TMCMM,7.113035245224114
TMTGM,7.3753702550989475
TMTAM,7.873869239211687
TMTCM,7.715946278457976
TMTTM,7.472971562428761
TMTMM,7.173506589051112
TMMGM,7.025811974294581
TMMAM,7.533335398731825
TMMCM,7.255356470428461
TMMTM,7.606805663669797
TMMMM,6.9114266775612245
MGGGM,6.844760909968746
MGGAM,7.128492713891484
MGGCM,7.15258811966884
MGGTM,7.12092004120455
MGGMM,7.157434216991592
MGAGM,7.2832306558008755
MGAAM,7.424852446762466
MGACM,7.44705752062186
MGATM,7.409172266948747
MGAMM,7.4506864427357895
MGCGM,7.263079283268167
MGCAM,7.475343694893682
MGCCM,7.167783989924029
MGCTM,7.448229488805609
MGCMM,7.157719507336942
MGTGM,7.278572323165355
MGTAM,7.43669433022247
MGTCM,7.476660381694845
MGTTM,7.412557952812911
MGTMM,7.480854305104554
MGMGM,7.244992218698666
MGMAM,7.470173671569663
MGMCM,7.163858067231879
MGMTM,7.438537834398917
MGMMM,7.153576193340443
MAGGM,6.966265621010062
MAGAM,7.2482759070776455
MAGCM,7.2924654220592044
MAGTM,7.26632145977613
MAGMM,7.290461532339746
MAAGM,7.229136613172792
MAAAM,7.5388086650941295
MAACM,7.66916075088413
MAATM,7.627343631891915
MAAMM,7.670533989725455
MACGM,7.084616062567747
MACAM,7.589135273142245
MACCM,7.320381234896254
MACTM,7.979844343180258
MACMM,7.31068642557432
MATGM,7.412738696381315
MATAM,7.556250625092614
MATCM,7.951496841236591
MATTM,7.88498158497192
MATMM,7.955886632915738
MAMGM,7.069985735832901
MAMAM,7.573982991181437
MAMCM,7.316973485758367
MAMTM,7.968522253990959
MAMMM,7.307039762097177
MCGGM,6.807765383384413
MCGAM,7.091710127917405
MCGCM,7.13498649137294
MCGTM,7.110451440837565
MCGMM,7.134525863818825
MCAGM,7.163969831281655
MCAAM,7.491582479655054
MCACM,7.672699020527965
MCATM,7.590795809396114
MCAMM,7.670760780390862
MCCGM,7.019773206677877
MCCAM,7.526553502913116
MCCCM,7.696766985747935
MCCTM,7.601023032649721
MCCMM,7.090988049881916
MCTGM,7.355462030312615
MCTAM,7.8524134303495
MCTCM,7.538042547028835
MCTTM,7.708300973364302
MCTMM,7.387893595004302
MCMGM,7.006686142108375
MCMAM,7.512944483117654
MCMCM,7.458449475639164
MCMTM,7.23904038726503
MCMMM,6.871225514554261
MTGGM,7.1417628982858705
MTGAM,7.424925250218735
MTGCM,7.469940744109053
MTGTM,7.444818629004176
MTGMM,7.466371528950527
MTAGM,7.301649038665508
MTAAM,7.482196319731046
MTACM,7.997156622744723
MTATM,7.911992542047654
MTAMM,7.992109795003207
MTCGM,7.143886980574901
MTCAM,7.6541665204758
MTCCM,7.743783581646002
MTCTM,7.9190786577031655
MTCMM,7.222376955648839
MTTGM,7.481162652683614
MTTAM,7.981134927468833
MTTCM,7.787320057538116
MTTTM,7.735852230666939
MTTMM,7.4340903890690075
MTMGM,7.128147634044592
MTMAM,7.63784010937599
MTMCM,7.624067658758637
MTMTM,7.405611440029823
MTMMM,7.056777702020818
MMGGM,6.792704595951383
MMGAM,7.073992196374243
MMGCM,7.119121248066059
MMGTM,7.0946297838393155
MMGMM,7.118747793129209
MMAGM,7.1589063426545545
MMAAM,7.477766873331519
MMACM,7.656290298960213
MMATM,7.574648065441343
MMAMM,7.6545694501274575
MMCGM,7.015144500659472
MMCAM,7.52159870993819
MMCCM,7.550543023868731
MMCTM,7.708514433080397
MMCMM,6.918465963489469
MMTGM,7.351702889511601
MMTAM,7.848545593896313
MMTCM,7.583487486524377
MMTTM,7.341384496667808
MMTMM,7.356394740072297
MMMGM,7.0020138497813385
MMMAM,7.507880994490554
MMMCM,7.016154808654328
MMMTM,7.379895340929976
MMMMM,6.860692214313212
